{"stats":{"minecraft:crafted":{"minecraft:red_dye":4,"minecraft:grindstone":1,"minecraft:stone_shovel":1,"minecraft:emerald":26,"minecraft:cooked_porkchop":9,"minecraft:crafting_table":1,"minecraft:spruce_planks":8,"minecraft:wooden_pickaxe":1,"minecraft:red_bed":1,"minecraft:smithing_table":1,"minecraft:furnace":2,"minecraft:red_wool":3,"minecraft:stone":3,"minecraft:birch_planks":36,"minecraft:stone_axe":1,"minecraft:cooked_mutton":5,"minecraft:air":0,"minecraft:iron_boots":4,"minecraft:wooden_hoe":1,"minecraft:shield":1,"minecraft:stick":12,"minecraft:stone_slab":6,"minecraft:stone_pickaxe":1,"minecraft:stone_sword":1,"minecraft:chest":1,"minecraft:stone_hoe":10,"minecraft:wheat":513},"minecraft:broken":{"minecraft:wooden_hoe":1},"minecraft:mined":{"minecraft:brown_mushroom":2,"minecraft:white_bed":7,"minecraft:red_bed":1,"minecraft:brewing_stand":1,"minecraft:crafting_table":2,"minecraft:ladder":1,"minecraft:short_grass":13,"minecraft:blast_furnace":8,"minecraft:grass_block":1,"minecraft:rose_bush":2,"minecraft:cobblestone":3,"minecraft:grindstone":1,"minecraft:oak_planks":2,"minecraft:sugar_cane":10,"minecraft:composter":8,"minecraft:birch_sapling":1,"minecraft:hay_block":57,"minecraft:birch_planks":5,"minecraft:furnace":2,"minecraft:carrots":24,"minecraft:birch_log":28,"minecraft:wheat":46,"minecraft:spruce_log":2,"minecraft:birch_leaves":45,"minecraft:potatoes":9,"minecraft:beetroots":7,"minecraft:gravel":48,"minecraft:sand":1,"minecraft:dirt":1,"minecraft:stone":25},"minecraft:used":{"minecraft:wheat_seeds":55,"minecraft:cooked_mutton":5,"minecraft:stone_sword":63,"minecraft:birch_planks":5,"minecraft:stone_shovel":44,"minecraft:stone_pickaxe":19,"minecraft:poppy":2,"minecraft:chest":1,"minecraft:wooden_pickaxe":27,"minecraft:composter":7,"minecraft:brewing_stand":1,"minecraft:dirt":2,"minecraft:sand":1,"minecraft:crafting_table":3,"minecraft:red_bed":1,"minecraft:carrot":18,"minecraft:blast_furnace":6,"minecraft:white_bed":7,"minecraft:wooden_hoe":61,"minecraft:birch_sapling":1,"minecraft:gravel":42,"minecraft:stone_axe":45,"minecraft:grindstone":2,"minecraft:furnace":4,"minecraft:cooked_porkchop":1,"minecraft:smithing_table":1,"minecraft:egg":1,"minecraft:potato":9},"minecraft:dropped":{"minecraft:wheat_seeds":2},"minecraft:custom":{"minecraft:interact_with_furnace":36,"minecraft:mob_kills":25,"minecraft:traded_with_villager":40,"minecraft:interact_with_crafting_table":12,"minecraft:bell_ring":6,"minecraft:leave_game":3,"minecraft:time_since_death":37801,"minecraft:sleep_in_bed":3,"minecraft:climb_one_cm":152,"minecraft:time_since_rest":81,"minecraft:sprint_one_cm":214595,"minecraft:damage_taken":30,"minecraft:walk_one_cm":85498,"minecraft:drop":2,"minecraft:damage_dealt":3040,"minecraft:swim_one_cm":1945,"minecraft:talked_to_villager":34,"minecraft:fly_one_cm":143674,"minecraft:open_chest":6,"minecraft:crouch_one_cm":6433,"minecraft:play_time":37801,"minecraft:sneak_time":1750,"minecraft:walk_under_water_one_cm":585,"minecraft:jump":656,"minecraft:interact_with_blast_furnace":5,"minecraft:walk_on_water_one_cm":4141,"minecraft:total_world_time":37842,"minecraft:fall_one_cm":15218},"minecraft:picked_up":{"minecraft:birch_log":28,"minecraft:wheat":11,"minecraft:crafting_table":2,"minecraft:feather":5,"minecraft:chicken":5,"minecraft:ladder":1,"minecraft:brown_wool":1,"minecraft:brown_mushroom":2,"minecraft:potato":9,"minecraft:birch_planks":5,"minecraft:flint":4,"minecraft:brewing_stand":1,"minecraft:dirt":2,"minecraft:red_bed":1,"minecraft:wheat_seeds":67,"minecraft:grindstone":1,"minecraft:iron_ingot":3,"minecraft:poppy":2,"minecraft:rose_bush":2,"minecraft:light_gray_wool":1,"minecraft:sugar_cane":17,"minecraft:birch_sapling":6,"minecraft:oak_planks":2,"minecraft:furnace":2,"minecraft:egg":1,"minecraft:stick":8,"minecraft:composter":8,"minecraft:gravel":42,"minecraft:porkchop":30,"minecraft:sand":1,"minecraft:carrot":24,"minecraft:blast_furnace":8,"minecraft:white_bed":7,"minecraft:spruce_log":2,"minecraft:beetroot_seeds":7,"minecraft:hay_block":57,"minecraft:mutton":5,"minecraft:white_wool":1,"minecraft:cobblestone":28},"minecraft:killed":{"minecraft:pig":16,"minecraft:iron_golem":1,"minecraft:sheep":3,"minecraft:chicken":5}},"DataVersion":3955}