{"stats":{"minecraft:crafted":{"minecraft:red_dye":4,"minecraft:stone_shovel":1,"minecraft:cooked_porkchop":9,"minecraft:crafting_table":1,"minecraft:stick":8,"minecraft:wooden_pickaxe":1,"minecraft:stone_pickaxe":1,"minecraft:stone_sword":1,"minecraft:furnace":2,"minecraft:red_wool":3,"minecraft:birch_planks":24,"minecraft:stone_axe":1,"minecraft:cooked_mutton":5,"minecraft:air":0},"minecraft:used":{"minecraft:cooked_mutton":1,"minecraft:stone_sword":26,"minecraft:stone_pickaxe":2,"minecraft:birch_sapling":1,"minecraft:wooden_pickaxe":27,"minecraft:gravel":4,"minecraft:stone_axe":23,"minecraft:dirt":2,"minecraft:crafting_table":1,"minecraft:furnace":2,"minecraft:cooked_porkchop":1},"minecraft:mined":{"minecraft:birch_sapling":1,"minecraft:furnace":2,"minecraft:birch_log":28,"minecraft:birch_leaves":45,"minecraft:crafting_table":1,"minecraft:short_grass":2,"minecraft:grass_block":1,"minecraft:rose_bush":2,"minecraft:gravel":4,"minecraft:dirt":1,"minecraft:stone":25,"minecraft:sugar_cane":4},"minecraft:dropped":{"minecraft:wheat_seeds":2},"minecraft:picked_up":{"minecraft:birch_log":28,"minecraft:crafting_table":1,"minecraft:stick":8,"minecraft:brown_wool":1,"minecraft:gravel":4,"minecraft:porkchop":14,"minecraft:dirt":2,"minecraft:wheat_seeds":2,"minecraft:rose_bush":2,"minecraft:light_gray_wool":1,"minecraft:sugar_cane":5,"minecraft:birch_sapling":6,"minecraft:mutton":5,"minecraft:white_wool":1,"minecraft:cobblestone":25,"minecraft:furnace":2},"minecraft:custom":{"minecraft:time_since_rest":10699,"minecraft:interact_with_furnace":25,"minecraft:sprint_one_cm":55767,"minecraft:damage_taken":30,"minecraft:walk_one_cm":26198,"minecraft:mob_kills":11,"minecraft:drop":2,"minecraft:damage_dealt":1040,"minecraft:interact_with_crafting_table":5,"minecraft:fly_one_cm":18643,"minecraft:crouch_one_cm":4213,"minecraft:play_time":10699,"minecraft:sneak_time":1284,"minecraft:jump":138,"minecraft:leave_game":2,"minecraft:time_since_death":10699,"minecraft:total_world_time":10740,"minecraft:fall_one_cm":1730},"minecraft:killed":{"minecraft:sheep":3,"minecraft:pig":8}},"DataVersion":3955}