{"stats":{"minecraft:custom":{"minecraft:interact_with_furnace":38,"minecraft:mob_kills":37,"minecraft:traded_with_villager":83,"minecraft:interact_with_crafting_table":17,"minecraft:bell_ring":6,"minecraft:leave_game":4,"minecraft:time_since_death":76800,"minecraft:sleep_in_bed":6,"minecraft:climb_one_cm":152,"minecraft:time_since_rest":9569,"minecraft:sprint_one_cm":394981,"minecraft:damage_taken":270,"minecraft:walk_one_cm":125232,"minecraft:damage_blocked_by_shield":10,"minecraft:drop":2,"minecraft:damage_dealt":8982,"minecraft:swim_one_cm":9687,"minecraft:talked_to_villager":73,"minecraft:fly_one_cm":370279,"minecraft:open_chest":28,"minecraft:crouch_one_cm":9141,"minecraft:play_time":76800,"minecraft:sneak_time":2929,"minecraft:walk_under_water_one_cm":1479,"minecraft:jump":1762,"minecraft:interact_with_blast_furnace":5,"minecraft:walk_on_water_one_cm":7180,"minecraft:total_world_time":76841,"minecraft:fall_one_cm":49111},"minecraft:broken":{"minecraft:wooden_hoe":1},"minecraft:used":{"minecraft:cooked_mutton":5,"minecraft:wheat_seeds":55,"minecraft:water_bucket":9,"minecraft:stone_sword":120,"minecraft:birch_planks":5,"minecraft:stone_pickaxe":44,"minecraft:stone_shovel":44,"minecraft:poppy":6,"minecraft:shield":1,"minecraft:chest":1,"minecraft:wooden_pickaxe":27,"minecraft:composter":7,"minecraft:fletching_table":2,"minecraft:brewing_stand":1,"minecraft:dirt":2,"minecraft:sand":1,"minecraft:crafting_table":3,"minecraft:red_bed":1,"minecraft:blast_furnace":6,"minecraft:carrot":18,"minecraft:white_bed":7,"minecraft:oak_log":12,"minecraft:wooden_hoe":61,"minecraft:iron_axe":75,"minecraft:birch_sapling":1,"minecraft:gravel":42,"minecraft:stone_axe":99,"minecraft:cobblestone":3,"minecraft:oak_sapling":6,"minecraft:grindstone":2,"minecraft:smithing_table":1,"minecraft:furnace":4,"minecraft:cooked_porkchop":9,"minecraft:bucket":10,"minecraft:egg":1,"minecraft:potato":9},"minecraft:killed":{"minecraft:pig":16,"minecraft:iron_golem":6,"minecraft:sheep":3,"minecraft:zombie":2,"minecraft:chicken":5,"minecraft:cow":5},"minecraft:mined":{"minecraft:white_bed":7,"minecraft:brown_mushroom":2,"minecraft:red_bed":1,"minecraft:brewing_stand":2,"minecraft:crafting_table":2,"minecraft:ladder":1,"minecraft:short_grass":17,"minecraft:blast_furnace":8,"minecraft:grass_block":2,"minecraft:rose_bush":2,"minecraft:cobblestone":3,"minecraft:composter":9,"minecraft:grindstone":1,"minecraft:sugar_cane":13,"minecraft:oak_planks":4,"minecraft:birch_sapling":1,"minecraft:hay_block":57,"minecraft:birch_planks":5,"minecraft:furnace":2,"minecraft:carrots":24,"minecraft:iron_ore":10,"minecraft:birch_log":28,"minecraft:wheat":46,"minecraft:spruce_log":2,"minecraft:birch_leaves":45,"minecraft:potatoes":9,"minecraft:oak_log":91,"minecraft:deepslate_iron_ore":9,"minecraft:beetroots":7,"minecraft:gravel":48,"minecraft:sand":1,"minecraft:dirt":1,"minecraft:stone":30,"minecraft:oak_leaves":4},"minecraft:dropped":{"minecraft:wheat_seeds":2},"minecraft:picked_up":{"minecraft:birch_log":28,"minecraft:crafting_table":2,"minecraft:wheat":11,"minecraft:feather":5,"minecraft:chicken":5,"minecraft:ladder":1,"minecraft:leather":3,"minecraft:brown_wool":1,"minecraft:brown_mushroom":2,"minecraft:potato":9,"minecraft:birch_planks":5,"minecraft:flint":4,"minecraft:oak_log":91,"minecraft:brewing_stand":2,"minecraft:dirt":2,"minecraft:red_bed":1,"minecraft:wheat_seeds":67,"minecraft:beef":13,"minecraft:iron_ingot":23,"minecraft:grindstone":1,"minecraft:rose_bush":2,"minecraft:light_gray_wool":1,"minecraft:poppy":6,"minecraft:sugar_cane":26,"minecraft:birch_sapling":6,"minecraft:oak_planks":2,"minecraft:egg":1,"minecraft:furnace":2,"minecraft:stick":13,"minecraft:raw_iron":14,"minecraft:composter":9,"minecraft:gravel":42,"minecraft:porkchop":30,"minecraft:sand":1,"minecraft:blast_furnace":8,"minecraft:white_bed":7,"minecraft:spruce_log":2,"minecraft:carrot":24,"minecraft:beetroot_seeds":7,"minecraft:hay_block":57,"minecraft:oak_sapling":6,"minecraft:mutton":5,"minecraft:white_wool":1,"minecraft:cobblestone":33},"minecraft:crafted":{"minecraft:red_dye":4,"minecraft:grindstone":1,"minecraft:oak_planks":304,"minecraft:stone_shovel":1,"minecraft:emerald":53,"minecraft:cooked_porkchop":9,"minecraft:crafting_table":1,"minecraft:spruce_planks":8,"minecraft:wooden_pickaxe":1,"minecraft:red_bed":1,"minecraft:smithing_table":1,"minecraft:furnace":2,"minecraft:red_wool":3,"minecraft:stone":3,"minecraft:fletching_table":2,"minecraft:bucket":1,"minecraft:birch_planks":112,"minecraft:stone_axe":1,"minecraft:cooked_mutton":5,"minecraft:air":0,"minecraft:wooden_hoe":1,"minecraft:iron_boots":18,"minecraft:shield":1,"minecraft:iron_axe":1,"minecraft:stick":756,"minecraft:stone_slab":6,"minecraft:stone_pickaxe":1,"minecraft:stone_sword":1,"minecraft:chest":1,"minecraft:stone_hoe":19,"minecraft:chainmail_leggings":13,"minecraft:wheat":513}},"DataVersion":3955}