{"stats":{"minecraft:custom":{"minecraft:mob_kills":47,"minecraft:interact_with_crafting_table":17,"minecraft:bell_ring":6,"minecraft:leave_game":5,"minecraft:time_since_death":88760,"minecraft:climb_one_cm":152,"minecraft:sprint_one_cm":436829,"minecraft:walk_one_cm":133816,"minecraft:damage_blocked_by_shield":10,"minecraft:drop":6,"minecraft:talked_to_villager":73,"minecraft:play_time":88760,"minecraft:sneak_time":5479,"minecraft:walk_under_water_one_cm":6623,"minecraft:jump":2125,"minecraft:interact_with_blast_furnace":5,"minecraft:walk_on_water_one_cm":12806,"minecraft:total_world_time":88801,"minecraft:interact_with_furnace":38,"minecraft:traded_with_villager":83,"minecraft:sleep_in_bed":7,"minecraft:time_since_rest":6040,"minecraft:damage_taken":310,"minecraft:damage_dealt":10262,"minecraft:swim_one_cm":48733,"minecraft:fly_one_cm":466021,"minecraft:open_chest":28,"minecraft:crouch_one_cm":12362,"minecraft:fall_one_cm":59537},"minecraft:broken":{"minecraft:stone_sword":1,"minecraft:stone_axe":1,"minecraft:wooden_hoe":1},"minecraft:used":{"minecraft:stone_sword":137,"minecraft:stone_shovel":44,"minecraft:poppy":6,"minecraft:chest":1,"minecraft:shield":1,"minecraft:brewing_stand":1,"minecraft:dirt":2,"minecraft:carrot":18,"minecraft:iron_axe":79,"minecraft:birch_sapling":1,"minecraft:magma_block":1,"minecraft:furnace":4,"minecraft:oak_sapling":6,"minecraft:egg":1,"minecraft:potato":9,"minecraft:wheat_seeds":55,"minecraft:cooked_mutton":5,"minecraft:water_bucket":66,"minecraft:birch_planks":5,"minecraft:stone_pickaxe":80,"minecraft:wooden_pickaxe":27,"minecraft:composter":7,"minecraft:fletching_table":2,"minecraft:sand":1,"minecraft:crafting_table":3,"minecraft:red_bed":2,"minecraft:blast_furnace":6,"minecraft:white_bed":7,"minecraft:oak_log":12,"minecraft:wooden_hoe":61,"minecraft:chicken":4,"minecraft:gravel":42,"minecraft:stone_axe":103,"minecraft:cobblestone":15,"minecraft:cooked_porkchop":9,"minecraft:grindstone":2,"minecraft:smithing_table":1,"minecraft:bucket":67},"minecraft:killed":{"minecraft:chicken":5,"minecraft:pig":20,"minecraft:iron_golem":6,"minecraft:creeper":1,"minecraft:sheep":3,"minecraft:zombie":2,"minecraft:donkey":1,"minecraft:cow":9},"minecraft:mined":{"minecraft:white_bed":7,"minecraft:brewing_stand":2,"minecraft:ladder":1,"minecraft:grass_block":2,"minecraft:composter":9,"minecraft:hay_block":57,"minecraft:magma_block":2,"minecraft:furnace":2,"minecraft:carrots":24,"minecraft:iron_ore":21,"minecraft:potatoes":9,"minecraft:deepslate_iron_ore":9,"minecraft:stone":40,"minecraft:brown_mushroom":2,"minecraft:red_bed":2,"minecraft:crafting_table":2,"minecraft:short_grass":26,"minecraft:blast_furnace":8,"minecraft:rose_bush":2,"minecraft:tall_grass":4,"minecraft:cobblestone":3,"minecraft:grindstone":1,"minecraft:sugar_cane":24,"minecraft:oak_planks":4,"minecraft:birch_sapling":1,"minecraft:birch_planks":5,"minecraft:birch_log":28,"minecraft:wheat":46,"minecraft:spruce_log":2,"minecraft:birch_leaves":45,"minecraft:coal_ore":13,"minecraft:oak_log":91,"minecraft:beetroots":7,"minecraft:gravel":48,"minecraft:sand":1,"minecraft:dirt":1,"minecraft:oak_leaves":4},"minecraft:dropped":{"minecraft:wheat_seeds":6},"minecraft:picked_up":{"minecraft:crafting_table":2,"minecraft:wheat":11,"minecraft:chicken":5,"minecraft:ladder":1,"minecraft:brown_mushroom":2,"minecraft:brewing_stand":2,"minecraft:red_bed":2,"minecraft:beef":21,"minecraft:rose_bush":2,"minecraft:poppy":6,"minecraft:light_gray_wool":1,"minecraft:sugar_cane":51,"minecraft:birch_sapling":6,"minecraft:egg":1,"minecraft:furnace":2,"minecraft:stick":13,"minecraft:raw_iron":23,"minecraft:composter":9,"minecraft:porkchop":38,"minecraft:carrot":24,"minecraft:beetroot_seeds":7,"minecraft:hay_block":57,"minecraft:mutton":5,"minecraft:cobblestone":43,"minecraft:white_wool":1,"minecraft:birch_log":28,"minecraft:magma_block":1,"minecraft:feather":5,"minecraft:leather":11,"minecraft:brown_wool":1,"minecraft:potato":9,"minecraft:birch_planks":5,"minecraft:flint":4,"minecraft:oak_log":91,"minecraft:dirt":2,"minecraft:wheat_seeds":71,"minecraft:grindstone":1,"minecraft:iron_ingot":23,"minecraft:oak_planks":2,"minecraft:gravel":42,"minecraft:sand":1,"minecraft:blast_furnace":8,"minecraft:white_bed":7,"minecraft:spruce_log":2,"minecraft:oak_sapling":6,"minecraft:coal":12},"minecraft:crafted":{"minecraft:grindstone":1,"minecraft:oak_planks":304,"minecraft:stone_shovel":1,"minecraft:furnace":2,"minecraft:stone":3,"minecraft:cooked_mutton":5,"minecraft:iron_boots":18,"minecraft:iron_axe":1,"minecraft:stone_pickaxe":1,"minecraft:chest":1,"minecraft:stone_hoe":19,"minecraft:chainmail_leggings":13,"minecraft:wheat":513,"minecraft:red_dye":4,"minecraft:emerald":53,"minecraft:cooked_porkchop":9,"minecraft:crafting_table":1,"minecraft:spruce_planks":8,"minecraft:wooden_pickaxe":1,"minecraft:red_bed":1,"minecraft:smithing_table":1,"minecraft:red_wool":3,"minecraft:fletching_table":2,"minecraft:birch_planks":112,"minecraft:bucket":1,"minecraft:stone_axe":1,"minecraft:air":0,"minecraft:wooden_hoe":1,"minecraft:shield":1,"minecraft:stick":756,"minecraft:stone_slab":6,"minecraft:stone_sword":1}},"DataVersion":3955}