{"stats":{"minecraft:picked_up":{"minecraft:wheat":154,"minecraft:nether_brick_fence":1,"minecraft:diamond_sword":1,"minecraft:enchanted_book":1,"minecraft:brewing_stand":2,"minecraft:soul_soil":20,"minecraft:cooked_salmon":6,"minecraft:diamond_leggings":1,"minecraft:gold_nugget":269,"minecraft:cobbled_deepslate":46,"minecraft:spruce_planks":490,"minecraft:rose_bush":2,"minecraft:furnace":2,"minecraft:stick":376,"minecraft:composter":10,"minecraft:oak_fence":10,"minecraft:torch":6,"minecraft:porkchop":40,"minecraft:diorite":8,"minecraft:rotten_flesh":19,"minecraft:blaze_rod":11,"minecraft:obsidian":15,"minecraft:cobblestone":218,"minecraft:birch_log":243,"minecraft:magma_block":7,"minecraft:feather":5,"minecraft:cooked_beef":76,"minecraft:water_bucket":1,"minecraft:andesite":7,"minecraft:brown_wool":1,"minecraft:golden_leggings":1,"minecraft:potato":148,"minecraft:flint":51,"minecraft:lapis_lazuli":92,"minecraft:dirt":180,"minecraft:twisting_vines":11,"minecraft:bone":29,"minecraft:bow":3,"minecraft:wheat_seeds":364,"minecraft:grindstone":1,"minecraft:diamond_helmet":1,"minecraft:fletching_table":4,"minecraft:oak_planks":10,"minecraft:cooked_porkchop":4,"minecraft:sand":4,"minecraft:diamond":36,"minecraft:granite":21,"minecraft:bone_meal":5,"minecraft:emerald":14,"minecraft:oak_sapling":19,"minecraft:netherrack":1242,"minecraft:diamond_pickaxe":1,"minecraft:spruce_leaves":1,"minecraft:crafting_table":6,"minecraft:chicken":5,"minecraft:ladder":1,"minecraft:brown_mushroom":2,"minecraft:shield":1,"minecraft:red_bed":14,"minecraft:flint_and_steel":1,"minecraft:blackstone":20,"minecraft:beef":38,"minecraft:oak_boat":1,"minecraft:poppy":36,"minecraft:light_gray_wool":1,"minecraft:lectern":41,"minecraft:sugar_cane":354,"minecraft:birch_sapling":9,"minecraft:diamond_hoe":1,"minecraft:egg":1,"minecraft:raw_iron":61,"minecraft:oak_door":2,"minecraft:copper_ingot":1,"minecraft:carrot":90,"minecraft:redstone":79,"minecraft:arrow":29,"minecraft:diamond_chestplate":1,"minecraft:beetroot_seeds":7,"minecraft:nether_bricks":11,"minecraft:diamond_boots":1,"minecraft:hay_block":65,"minecraft:mutton":5,"minecraft:white_wool":1,"minecraft:stripped_oak_log":16,"minecraft:basalt":165,"minecraft:salmon":7,"minecraft:leather":50,"minecraft:red_mushroom":1,"minecraft:birch_planks":5,"minecraft:oak_log":494,"minecraft:gunpowder":1,"minecraft:apple":1,"minecraft:warped_stem":2,"minecraft:iron_ingot":174,"minecraft:soul_sand":2,"minecraft:book":10,"minecraft:warped_fungus":1,"minecraft:quartz":266,"minecraft:gravel":464,"minecraft:spruce_sapling":140,"minecraft:blast_furnace":9,"minecraft:white_bed":12,"minecraft:spruce_log":1415,"minecraft:spider_eye":3,"minecraft:diamond_shovel":1,"minecraft:diamond_axe":1,"minecraft:warped_roots":7,"minecraft:warped_nylium":4,"minecraft:coal":22,"minecraft:ender_pearl":12},"minecraft:used":{"minecraft:diamond_hoe":208,"minecraft:poppy":36,"minecraft:chest":4,"minecraft:shield":49,"minecraft:spruce_leaves":1,"minecraft:carrot":18,"minecraft:obsidian":10,"minecraft:lava_bucket":5,"minecraft:birch_sapling":4,"minecraft:magma_block":1,"minecraft:bow":15,"minecraft:furnace":4,"minecraft:oak_sapling":19,"minecraft:beetroot_seeds":7,"minecraft:egg":1,"minecraft:potato":37,"minecraft:diorite":8,"minecraft:stone_pickaxe":90,"minecraft:oak_planks":1,"minecraft:blackstone":9,"minecraft:wooden_pickaxe":27,"minecraft:composter":7,"minecraft:diamond_axe":1853,"minecraft:sugar_cane":39,"minecraft:sand":4,"minecraft:blast_furnace":6,"minecraft:birch_slab":8,"minecraft:lectern":40,"minecraft:gravel":455,"minecraft:diamond_sword":794,"minecraft:grindstone":2,"minecraft:smithing_table":1,"minecraft:andesite":7,"minecraft:oak_boat":1,"minecraft:bone_meal":86,"minecraft:oak_fence":19,"minecraft:enchanting_table":1,"minecraft:stone_sword":137,"minecraft:flint_and_steel":1,"minecraft:stone_shovel":534,"minecraft:spruce_planks":43,"minecraft:cooked_salmon":3,"minecraft:netherrack":671,"minecraft:oak_door":2,"minecraft:torch":6,"minecraft:brewing_stand":1,"minecraft:dirt":180,"minecraft:anvil":1,"minecraft:twisting_vines":7,"minecraft:granite":21,"minecraft:bookshelf":16,"minecraft:iron_axe":635,"minecraft:basalt":147,"minecraft:beef":1,"minecraft:soul_soil":20,"minecraft:cooked_beef":90,"minecraft:cobbled_deepslate":46,"minecraft:wheat_seeds":263,"minecraft:cooked_mutton":5,"minecraft:water_bucket":398,"minecraft:birch_planks":5,"minecraft:baked_potato":6,"minecraft:fletching_table":5,"minecraft:crafting_table":7,"minecraft:red_bed":14,"minecraft:white_bed":11,"minecraft:spruce_log":38,"minecraft:oak_log":16,"minecraft:wooden_hoe":61,"minecraft:diamond_pickaxe":2386,"minecraft:diamond_shovel":155,"minecraft:chicken":5,"minecraft:spruce_sapling":128,"minecraft:stone_axe":103,"minecraft:cobblestone":184,"minecraft:cooked_porkchop":43,"minecraft:bucket":405,"minecraft:diamond_leggings":1},"minecraft:custom":{"minecraft:animals_bred":27,"minecraft:interact_with_crafting_table":83,"minecraft:bell_ring":6,"minecraft:leave_game":23,"minecraft:time_since_death":93197,"minecraft:sprint_one_cm":2664332,"minecraft:damage_blocked_by_shield":1878,"minecraft:drop":35,"minecraft:talked_to_villager":493,"minecraft:play_time":634568,"minecraft:deaths":3,"minecraft:jump":14230,"minecraft:walk_on_water_one_cm":93640,"minecraft:enchant_item":12,"minecraft:interact_with_furnace":80,"minecraft:traded_with_villager":717,"minecraft:sleep_in_bed":47,"minecraft:damage_dealt":81552,"minecraft:crouch_one_cm":128463,"minecraft:interact_with_smithing_table":1,"minecraft:interact_with_anvil":2,"minecraft:mob_kills":280,"minecraft:climb_one_cm":7452,"minecraft:walk_one_cm":966515,"minecraft:sneak_time":46031,"minecraft:walk_under_water_one_cm":86478,"minecraft:boat_one_cm":14113,"minecraft:interact_with_blast_furnace":27,"minecraft:total_world_time":634609,"minecraft:interact_with_grindstone":10,"minecraft:time_since_rest":7114,"minecraft:damage_taken":6982,"minecraft:swim_one_cm":356813,"minecraft:fly_one_cm":2819222,"minecraft:open_chest":271,"minecraft:fall_one_cm":378055},"minecraft:mined":{"minecraft:spruce_planks":33,"minecraft:white_bed":12,"minecraft:oak_sapling":1,"minecraft:brewing_stand":2,"minecraft:obsidian":15,"minecraft:granite":21,"minecraft:grass_block":85,"minecraft:soul_soil":36,"minecraft:composter":10,"minecraft:magma_block":4,"minecraft:cobbled_deepslate":7,"minecraft:iron_ore":58,"minecraft:fire":29,"minecraft:fletching_table":4,"minecraft:deepslate_lapis_ore":11,"minecraft:twisting_vines":6,"minecraft:dirt_path":8,"minecraft:deepslate_redstone_ore":10,"minecraft:brown_mushroom":2,"minecraft:red_bed":13,"minecraft:blackstone":20,"minecraft:twisting_vines_plant":6,"minecraft:torch":4,"minecraft:blast_furnace":9,"minecraft:poppy":2,"minecraft:nether_quartz_ore":270,"minecraft:cobblestone":41,"minecraft:grindstone":1,"minecraft:sugar_cane":219,"minecraft:oak_planks":12,"minecraft:wall_torch":1,"minecraft:birch_sapling":1,"minecraft:warped_nylium":14,"minecraft:birch_log":243,"minecraft:wheat":156,"minecraft:oak_log":494,"minecraft:beetroots":7,"minecraft:sand":4,"minecraft:dirt":90,"minecraft:netherrack":1432,"minecraft:oak_leaves":121,"minecraft:deepslate":30,"minecraft:nether_gold_ore":68,"minecraft:deepslate_diamond_ore":36,"minecraft:oak_door":2,"minecraft:ladder":1,"minecraft:nether_bricks":11,"minecraft:spruce_leaves":120,"minecraft:hay_block":65,"minecraft:redstone_ore":8,"minecraft:spruce_sapling":48,"minecraft:furnace":2,"minecraft:carrots":42,"minecraft:andesite":7,"minecraft:nether_brick_fence":1,"minecraft:bookshelf":1,"minecraft:potatoes":46,"minecraft:deepslate_iron_ore":9,"minecraft:warped_stem":2,"minecraft:stripped_oak_log":16,"minecraft:stone":183,"minecraft:podzol":1,"minecraft:soul_sand":2,"minecraft:basalt":175,"minecraft:oak_fence":10,"minecraft:crafting_table":5,"minecraft:short_grass":41,"minecraft:rose_bush":2,"minecraft:lectern":40,"minecraft:tall_grass":7,"minecraft:lapis_ore":4,"minecraft:diorite":8,"minecraft:birch_planks":5,"minecraft:spruce_log":1417,"minecraft:birch_leaves":48,"minecraft:coal_ore":17,"minecraft:gravel":469},"minecraft:crafted":{"minecraft:grindstone":1,"minecraft:oak_planks":1976,"minecraft:birch_slab":12,"minecraft:stone":3,"minecraft:diamond_shovel":1,"minecraft:bookshelf":17,"minecraft:cooked_mutton":5,"minecraft:warped_planks":8,"minecraft:diamond_helmet":1,"minecraft:bow":1,"minecraft:diamond_leggings":1,"minecraft:iron_boots":19,"minecraft:chest":4,"minecraft:stone_hoe":19,"minecraft:oak_fence":9,"minecraft:arrow":128,"minecraft:emerald":625,"minecraft:cooked_porkchop":40,"minecraft:diamond_axe":2,"minecraft:crafting_table":3,"minecraft:spruce_planks":5508,"minecraft:baked_potato":47,"minecraft:wooden_pickaxe":1,"minecraft:smithing_table":1,"minecraft:chainmail_chestplate":29,"minecraft:red_wool":3,"minecraft:fletching_table":2,"minecraft:birch_planks":972,"minecraft:hay_block":1,"minecraft:lectern":1,"minecraft:wooden_hoe":1,"minecraft:book":50,"minecraft:paper":309,"minecraft:diamond_pickaxe":2,"minecraft:shield":1,"minecraft:stick":16530,"minecraft:stone_slab":6,"minecraft:iron_ingot":60,"minecraft:iron_block":3,"minecraft:stone_sword":1,"minecraft:stone_shovel":5,"minecraft:iron_nugget":2,"minecraft:diamond_hoe":9,"minecraft:furnace":2,"minecraft:bone_meal":81,"minecraft:flint_and_steel":1,"minecraft:iron_axe":10,"minecraft:stone_pickaxe":1,"minecraft:diamond_boots":1,"minecraft:chainmail_leggings":23,"minecraft:wheat":585,"minecraft:cooked_beef":37,"minecraft:red_dye":4,"minecraft:diamond_sword":1,"minecraft:enchanting_table":1,"minecraft:red_bed":1,"minecraft:bucket":1,"minecraft:stone_axe":1,"minecraft:enchanted_book":8,"minecraft:air":0,"minecraft:oak_boat":1,"minecraft:anvil":1,"minecraft:diamond_chestplate":1},"minecraft:dropped":{"minecraft:cooked_porkchop":1,"minecraft:bone":2,"minecraft:rotten_flesh":6,"minecraft:arrow":15,"minecraft:wheat_seeds":9,"minecraft:cobblestone":1,"minecraft:copper_ingot":1,"minecraft:coal":4,"minecraft:stick":263,"minecraft:raw_iron":1,"minecraft:spider_eye":3,"minecraft:magma_block":6},"minecraft:broken":{"minecraft:stone_axe":1,"minecraft:stone_shovel":3,"minecraft:stone_sword":1,"minecraft:iron_axe":3,"minecraft:wooden_hoe":1},"minecraft:killed":{"minecraft:spider":3,"minecraft:skeleton":21,"minecraft:chicken":5,"minecraft:magma_cube":3,"minecraft:piglin":15,"minecraft:pig":21,"minecraft:zombie_villager":1,"minecraft:salmon":10,"minecraft:iron_golem":42,"minecraft:creeper":2,"minecraft:sheep":3,"minecraft:donkey":1,"minecraft:zombie":21,"minecraft:ghast":1,"minecraft:cow":42,"minecraft:blaze":34,"minecraft:horse":9,"minecraft:drowned":2,"minecraft:wither_skeleton":10,"minecraft:enderman":22}},"DataVersion":3955}