{"stats":{"minecraft:custom":{"minecraft:mob_kills":63,"minecraft:interact_with_crafting_table":31,"minecraft:bell_ring":6,"minecraft:leave_game":7,"minecraft:time_since_death":170037,"minecraft:climb_one_cm":152,"minecraft:sprint_one_cm":759550,"minecraft:walk_one_cm":269163,"minecraft:damage_blocked_by_shield":300,"minecraft:drop":7,"minecraft:talked_to_villager":214,"minecraft:play_time":170037,"minecraft:sneak_time":12183,"minecraft:walk_under_water_one_cm":11764,"minecraft:boat_one_cm":14113,"minecraft:jump":3927,"minecraft:interact_with_blast_furnace":17,"minecraft:walk_on_water_one_cm":20940,"minecraft:total_world_time":170078,"minecraft:interact_with_furnace":52,"minecraft:traded_with_villager":282,"minecraft:sleep_in_bed":14,"minecraft:time_since_rest":9757,"minecraft:damage_taken":585,"minecraft:damage_dealt":23562,"minecraft:swim_one_cm":102142,"minecraft:fly_one_cm":771946,"minecraft:open_chest":80,"minecraft:crouch_one_cm":19678,"minecraft:fall_one_cm":94785},"minecraft:broken":{"minecraft:stone_sword":1,"minecraft:iron_axe":2,"minecraft:stone_axe":1,"minecraft:wooden_hoe":1,"minecraft:stone_shovel":3},"minecraft:used":{"minecraft:stone_sword":137,"minecraft:stone_shovel":504,"minecraft:poppy":19,"minecraft:diamond_hoe":1,"minecraft:chest":2,"minecraft:shield":11,"minecraft:oak_door":1,"minecraft:torch":6,"minecraft:brewing_stand":1,"minecraft:dirt":41,"minecraft:carrot":18,"minecraft:iron_axe":547,"minecraft:birch_sapling":4,"minecraft:magma_block":1,"minecraft:beef":1,"minecraft:oak_sapling":11,"minecraft:furnace":4,"minecraft:egg":1,"minecraft:potato":37,"minecraft:cooked_mutton":5,"minecraft:wheat_seeds":55,"minecraft:water_bucket":157,"minecraft:birch_planks":5,"minecraft:stone_pickaxe":90,"minecraft:oak_planks":1,"minecraft:wooden_pickaxe":27,"minecraft:composter":7,"minecraft:diamond_axe":193,"minecraft:fletching_table":2,"minecraft:sand":1,"minecraft:crafting_table":4,"minecraft:red_bed":3,"minecraft:blast_furnace":6,"minecraft:white_bed":7,"minecraft:oak_log":16,"minecraft:wooden_hoe":61,"minecraft:chicken":5,"minecraft:gravel":428,"minecraft:stone_axe":103,"minecraft:cobblestone":15,"minecraft:grindstone":2,"minecraft:cooked_porkchop":21,"minecraft:smithing_table":1,"minecraft:bucket":158,"minecraft:oak_boat":1},"minecraft:killed":{"minecraft:chicken":5,"minecraft:pig":21,"minecraft:iron_golem":19,"minecraft:creeper":1,"minecraft:sheep":3,"minecraft:donkey":1,"minecraft:zombie":2,"minecraft:cow":11},"minecraft:mined":{"minecraft:white_bed":7,"minecraft:oak_door":2,"minecraft:brewing_stand":2,"minecraft:ladder":1,"minecraft:grass_block":17,"minecraft:composter":9,"minecraft:hay_block":57,"minecraft:magma_block":2,"minecraft:furnace":2,"minecraft:carrots":42,"minecraft:iron_ore":27,"minecraft:potatoes":18,"minecraft:deepslate_iron_ore":9,"minecraft:dirt_path":3,"minecraft:stripped_oak_log":16,"minecraft:stone":44,"minecraft:brown_mushroom":2,"minecraft:red_bed":3,"minecraft:crafting_table":3,"minecraft:torch":4,"minecraft:short_grass":32,"minecraft:blast_furnace":8,"minecraft:poppy":1,"minecraft:rose_bush":2,"minecraft:tall_grass":5,"minecraft:cobblestone":3,"minecraft:grindstone":1,"minecraft:sugar_cane":24,"minecraft:oak_planks":6,"minecraft:wall_torch":1,"minecraft:birch_sapling":1,"minecraft:birch_planks":5,"minecraft:birch_log":237,"minecraft:wheat":46,"minecraft:spruce_log":2,"minecraft:birch_leaves":47,"minecraft:oak_log":374,"minecraft:coal_ore":13,"minecraft:beetroots":7,"minecraft:gravel":454,"minecraft:sand":1,"minecraft:dirt":32,"minecraft:oak_leaves":33},"minecraft:dropped":{"minecraft:wheat_seeds":7},"minecraft:picked_up":{"minecraft:crafting_table":3,"minecraft:wheat":11,"minecraft:chicken":5,"minecraft:ladder":1,"minecraft:brown_mushroom":2,"minecraft:brewing_stand":2,"minecraft:red_bed":3,"minecraft:beef":26,"minecraft:oak_boat":1,"minecraft:rose_bush":2,"minecraft:poppy":19,"minecraft:light_gray_wool":1,"minecraft:sugar_cane":51,"minecraft:birch_sapling":9,"minecraft:egg":1,"minecraft:furnace":2,"minecraft:stick":31,"minecraft:raw_iron":29,"minecraft:oak_door":2,"minecraft:composter":9,"minecraft:torch":6,"minecraft:porkchop":40,"minecraft:carrot":90,"minecraft:beetroot_seeds":7,"minecraft:hay_block":57,"minecraft:mutton":5,"minecraft:cobblestone":47,"minecraft:white_wool":1,"minecraft:birch_log":237,"minecraft:stripped_oak_log":16,"minecraft:magma_block":1,"minecraft:feather":5,"minecraft:brown_wool":1,"minecraft:leather":13,"minecraft:potato":43,"minecraft:birch_planks":5,"minecraft:flint":50,"minecraft:oak_log":374,"minecraft:dirt":47,"minecraft:wheat_seeds":72,"minecraft:grindstone":1,"minecraft:iron_ingot":79,"minecraft:oak_planks":4,"minecraft:gravel":438,"minecraft:sand":1,"minecraft:blast_furnace":8,"minecraft:white_bed":7,"minecraft:spruce_log":2,"minecraft:oak_sapling":11,"minecraft:coal":12},"minecraft:crafted":{"minecraft:grindstone":1,"minecraft:oak_planks":1496,"minecraft:stone_shovel":5,"minecraft:diamond_hoe":9,"minecraft:furnace":2,"minecraft:stone":3,"minecraft:cooked_mutton":5,"minecraft:diamond_helmet":1,"minecraft:diamond_leggings":1,"minecraft:iron_boots":19,"minecraft:iron_axe":10,"minecraft:stone_pickaxe":1,"minecraft:chest":2,"minecraft:diamond_boots":1,"minecraft:stone_hoe":19,"minecraft:chainmail_leggings":23,"minecraft:wheat":513,"minecraft:cooked_beef":22,"minecraft:red_dye":4,"minecraft:emerald":210,"minecraft:cooked_porkchop":30,"minecraft:diamond_axe":1,"minecraft:crafting_table":2,"minecraft:spruce_planks":8,"minecraft:wooden_pickaxe":1,"minecraft:chainmail_chestplate":29,"minecraft:red_bed":1,"minecraft:smithing_table":1,"minecraft:red_wool":3,"minecraft:fletching_table":2,"minecraft:birch_planks":948,"minecraft:bucket":1,"minecraft:stone_axe":1,"minecraft:air":0,"minecraft:oak_boat":1,"minecraft:wooden_hoe":1,"minecraft:diamond_pickaxe":1,"minecraft:shield":1,"minecraft:stick":4776,"minecraft:stone_slab":6,"minecraft:iron_ingot":29,"minecraft:stone_sword":1,"minecraft:diamond_chestplate":1}},"DataVersion":3955}