{"stats":{"minecraft:mined":{"minecraft:spruce_planks":33,"minecraft:white_bed":14,"minecraft:oak_sapling":1,"minecraft:brewing_stand":2,"minecraft:obsidian":15,"minecraft:granite":21,"minecraft:grass_block":153,"minecraft:cracked_polished_blackstone_bricks":3,"minecraft:soul_soil":37,"minecraft:composter":10,"minecraft:weeping_vines_plant":1,"minecraft:magma_block":4,"minecraft:iron_ore":58,"minecraft:cobbled_deepslate":7,"minecraft:fire":29,"minecraft:fletching_table":4,"minecraft:deepslate_lapis_ore":11,"minecraft:twisting_vines":6,"minecraft:dirt_path":8,"minecraft:deepslate_redstone_ore":10,"minecraft:brown_mushroom":2,"minecraft:red_bed":13,"minecraft:blackstone":42,"minecraft:twisting_vines_plant":6,"minecraft:crimson_nylium":1,"minecraft:torch":4,"minecraft:blast_furnace":9,"minecraft:poppy":3,"minecraft:nether_quartz_ore":329,"minecraft:cobblestone":42,"minecraft:grindstone":1,"minecraft:sugar_cane":246,"minecraft:oak_planks":12,"minecraft:wall_torch":1,"minecraft:birch_sapling":1,"minecraft:warped_nylium":14,"minecraft:birch_log":243,"minecraft:wheat":156,"minecraft:oak_log":494,"minecraft:beetroots":7,"minecraft:sand":4,"minecraft:dirt":106,"minecraft:netherrack":1590,"minecraft:oak_leaves":121,"minecraft:deepslate":30,"minecraft:nether_gold_ore":69,"minecraft:deepslate_diamond_ore":36,"minecraft:oak_door":2,"minecraft:ladder":1,"minecraft:nether_bricks":11,"minecraft:spruce_leaves":258,"minecraft:hay_block":65,"minecraft:redstone_ore":8,"minecraft:spruce_sapling":71,"minecraft:furnace":2,"minecraft:carrots":42,"minecraft:andesite":7,"minecraft:stripped_spruce_log":1,"minecraft:nether_brick_fence":1,"minecraft:bookshelf":1,"minecraft:potatoes":46,"minecraft:deepslate_iron_ore":9,"minecraft:warped_stem":2,"minecraft:stripped_oak_log":16,"minecraft:stone":183,"minecraft:bone_block":21,"minecraft:podzol":5,"minecraft:soul_sand":2,"minecraft:basalt":176,"minecraft:oak_fence":10,"minecraft:crafting_table":5,"minecraft:short_grass":45,"minecraft:warped_roots":1,"minecraft:rose_bush":2,"minecraft:lectern":40,"minecraft:tall_grass":7,"minecraft:lapis_ore":4,"minecraft:diorite":8,"minecraft:birch_planks":5,"minecraft:spruce_log":4304,"minecraft:birch_leaves":48,"minecraft:coal_ore":17,"minecraft:gravel":469},"minecraft:picked_up":{"minecraft:wheat":154,"minecraft:nether_brick_fence":1,"minecraft:lead":2,"minecraft:diamond_sword":1,"minecraft:enchanted_book":1,"minecraft:brewing_stand":2,"minecraft:soul_soil":21,"minecraft:cooked_salmon":6,"minecraft:diamond_leggings":1,"minecraft:gold_nugget":269,"minecraft:cobbled_deepslate":46,"minecraft:spruce_planks":492,"minecraft:rose_bush":2,"minecraft:furnace":2,"minecraft:stick":502,"minecraft:composter":10,"minecraft:oak_fence":10,"minecraft:torch":6,"minecraft:porkchop":40,"minecraft:diorite":8,"minecraft:nether_gold_ore":1,"minecraft:rotten_flesh":19,"minecraft:blaze_rod":11,"minecraft:obsidian":15,"minecraft:cobblestone":219,"minecraft:birch_log":243,"minecraft:magma_block":7,"minecraft:feather":5,"minecraft:cooked_beef":76,"minecraft:water_bucket":2,"minecraft:andesite":7,"minecraft:brown_wool":1,"minecraft:golden_leggings":1,"minecraft:potato":148,"minecraft:flint":51,"minecraft:lapis_lazuli":92,"minecraft:dirt":268,"minecraft:twisting_vines":11,"minecraft:bone":29,"minecraft:bow":3,"minecraft:wheat_seeds":364,"minecraft:grindstone":1,"minecraft:diamond_helmet":1,"minecraft:fletching_table":4,"minecraft:oak_planks":10,"minecraft:cooked_porkchop":4,"minecraft:sand":4,"minecraft:stripped_spruce_log":1,"minecraft:diamond":36,"minecraft:cracked_polished_blackstone_bricks":3,"minecraft:granite":21,"minecraft:bone_meal":13,"minecraft:emerald":15,"minecraft:oak_sapling":19,"minecraft:netherrack":1388,"minecraft:diamond_pickaxe":1,"minecraft:spruce_leaves":9,"minecraft:crafting_table":6,"minecraft:chicken":5,"minecraft:ladder":1,"minecraft:brown_mushroom":2,"minecraft:shield":1,"minecraft:red_bed":14,"minecraft:flint_and_steel":1,"minecraft:blackstone":41,"minecraft:beef":38,"minecraft:oak_boat":1,"minecraft:poppy":37,"minecraft:light_gray_wool":1,"minecraft:lectern":41,"minecraft:sugar_cane":408,"minecraft:birch_sapling":9,"minecraft:diamond_hoe":1,"minecraft:egg":1,"minecraft:raw_iron":61,"minecraft:oak_door":2,"minecraft:copper_ingot":1,"minecraft:carrot":90,"minecraft:redstone":79,"minecraft:weeping_vines":2,"minecraft:arrow":29,"minecraft:diamond_chestplate":1,"minecraft:beetroot_seeds":7,"minecraft:nether_bricks":11,"minecraft:diamond_boots":1,"minecraft:hay_block":65,"minecraft:mutton":5,"minecraft:white_wool":1,"minecraft:bone_block":21,"minecraft:stripped_oak_log":16,"minecraft:basalt":166,"minecraft:salmon":7,"minecraft:leather":64,"minecraft:red_mushroom":1,"minecraft:birch_planks":5,"minecraft:oak_log":494,"minecraft:gunpowder":1,"minecraft:apple":1,"minecraft:warped_stem":2,"minecraft:iron_ingot":174,"minecraft:soul_sand":2,"minecraft:book":10,"minecraft:nether_quartz_ore":24,"minecraft:warped_fungus":1,"minecraft:quartz":300,"minecraft:gravel":464,"minecraft:spruce_sapling":377,"minecraft:blast_furnace":9,"minecraft:white_bed":14,"minecraft:spruce_log":4298,"minecraft:spider_eye":3,"minecraft:diamond_shovel":1,"minecraft:diamond_axe":1,"minecraft:warped_roots":8,"minecraft:warped_nylium":4,"minecraft:crimson_nylium":1,"minecraft:coal":22,"minecraft:ender_pearl":12},"minecraft:custom":{"minecraft:animals_bred":27,"minecraft:interact_with_crafting_table":86,"minecraft:bell_ring":6,"minecraft:leave_game":35,"minecraft:time_since_death":261888,"minecraft:sprint_one_cm":3292005,"minecraft:damage_blocked_by_shield":1878,"minecraft:drop":41,"minecraft:talked_to_villager":687,"minecraft:play_time":803259,"minecraft:deaths":3,"minecraft:jump":17809,"minecraft:walk_on_water_one_cm":106244,"minecraft:enchant_item":13,"minecraft:interact_with_furnace":87,"minecraft:traded_with_villager":1487,"minecraft:sleep_in_bed":62,"minecraft:damage_dealt":83314,"minecraft:crouch_one_cm":195046,"minecraft:interact_with_smithing_table":1,"minecraft:mob_kills":293,"minecraft:interact_with_anvil":15,"minecraft:climb_one_cm":7452,"minecraft:walk_one_cm":1192674,"minecraft:sneak_time":63767,"minecraft:walk_under_water_one_cm":100184,"minecraft:boat_one_cm":14113,"minecraft:interact_with_blast_furnace":27,"minecraft:total_world_time":803300,"minecraft:interact_with_grindstone":11,"minecraft:time_since_rest":2562,"minecraft:damage_taken":8026,"minecraft:swim_one_cm":367314,"minecraft:fly_one_cm":3360222,"minecraft:open_chest":322,"minecraft:fall_one_cm":503800},"minecraft:killed":{"minecraft:spider":3,"minecraft:skeleton":21,"minecraft:chicken":5,"minecraft:magma_cube":7,"minecraft:piglin":17,"minecraft:pig":21,"minecraft:zombie_villager":1,"minecraft:salmon":10,"minecraft:iron_golem":42,"minecraft:creeper":2,"minecraft:sheep":3,"minecraft:trader_llama":2,"minecraft:zombie":21,"minecraft:donkey":1,"minecraft:ghast":1,"minecraft:cow":45,"minecraft:blaze":34,"minecraft:horse":9,"minecraft:drowned":2,"minecraft:wandering_trader":1,"minecraft:hoglin":1,"minecraft:wither_skeleton":10,"minecraft:enderman":22},"minecraft:used":{"minecraft:poppy":37,"minecraft:diamond_hoe":320,"minecraft:chest":4,"minecraft:shield":49,"minecraft:spruce_leaves":8,"minecraft:carrot":82,"minecraft:weeping_vines":2,"minecraft:obsidian":10,"minecraft:lava_bucket":5,"minecraft:birch_sapling":4,"minecraft:magma_block":1,"minecraft:bow":15,"minecraft:furnace":4,"minecraft:oak_sapling":19,"minecraft:beetroot_seeds":7,"minecraft:egg":1,"minecraft:potato":37,"minecraft:diorite":8,"minecraft:stone_pickaxe":90,"minecraft:oak_planks":1,"minecraft:blackstone":9,"minecraft:wooden_pickaxe":27,"minecraft:composter":7,"minecraft:sugar_cane":41,"minecraft:diamond_axe":4750,"minecraft:sand":4,"minecraft:blast_furnace":6,"minecraft:birch_slab":8,"minecraft:lectern":40,"minecraft:gravel":455,"minecraft:diamond_sword":828,"minecraft:grindstone":2,"minecraft:smithing_table":1,"minecraft:andesite":7,"minecraft:oak_boat":1,"minecraft:bone_meal":276,"minecraft:oak_fence":19,"minecraft:enchanting_table":1,"minecraft:stone_sword":137,"minecraft:flint_and_steel":1,"minecraft:stone_shovel":534,"minecraft:spruce_planks":43,"minecraft:cooked_salmon":3,"minecraft:netherrack":905,"minecraft:oak_door":2,"minecraft:torch":6,"minecraft:brewing_stand":1,"minecraft:dirt":268,"minecraft:anvil":1,"minecraft:nether_quartz_ore":24,"minecraft:twisting_vines":7,"minecraft:granite":21,"minecraft:bookshelf":16,"minecraft:iron_axe":635,"minecraft:basalt":148,"minecraft:beef":1,"minecraft:soul_soil":20,"minecraft:cooked_beef":90,"minecraft:cobbled_deepslate":46,"minecraft:wheat_seeds":327,"minecraft:cooked_mutton":5,"minecraft:water_bucket":455,"minecraft:birch_planks":5,"minecraft:baked_potato":62,"minecraft:fletching_table":5,"minecraft:warped_roots":8,"minecraft:red_bed":14,"minecraft:crafting_table":7,"minecraft:white_bed":13,"minecraft:spruce_log":55,"minecraft:nether_gold_ore":1,"minecraft:oak_log":16,"minecraft:wooden_hoe":61,"minecraft:diamond_pickaxe":2654,"minecraft:diamond_shovel":245,"minecraft:cracked_polished_blackstone_bricks":3,"minecraft:chicken":5,"minecraft:suspicious_stew":3,"minecraft:spruce_sapling":276,"minecraft:crimson_nylium":1,"minecraft:stone_axe":103,"minecraft:cobblestone":185,"minecraft:cooked_porkchop":43,"minecraft:bucket":463,"minecraft:diamond_leggings":1},"minecraft:broken":{"minecraft:stone_axe":1,"minecraft:stone_shovel":3,"minecraft:stone_sword":1,"minecraft:iron_axe":3,"minecraft:wooden_hoe":1},"minecraft:dropped":{"minecraft:cooked_porkchop":1,"minecraft:leather":9,"minecraft:emerald":1,"minecraft:spruce_leaves":1,"minecraft:bone":2,"minecraft:rotten_flesh":6,"minecraft:arrow":15,"minecraft:water_bucket":1,"minecraft:wheat_seeds":9,"minecraft:cobblestone":1,"minecraft:copper_ingot":1,"minecraft:coal":4,"minecraft:stick":263,"minecraft:raw_iron":1,"minecraft:spider_eye":3,"minecraft:magma_block":6},"minecraft:crafted":{"minecraft:grindstone":1,"minecraft:oak_planks":1976,"minecraft:birch_slab":12,"minecraft:stone":3,"minecraft:diamond_shovel":1,"minecraft:bookshelf":17,"minecraft:cooked_mutton":5,"minecraft:suspicious_stew":7,"minecraft:warped_planks":8,"minecraft:diamond_helmet":1,"minecraft:bow":1,"minecraft:diamond_leggings":2,"minecraft:iron_boots":19,"minecraft:chest":4,"minecraft:stone_hoe":19,"minecraft:oak_fence":9,"minecraft:emerald":1335,"minecraft:arrow":128,"minecraft:cooked_porkchop":40,"minecraft:diamond_axe":2,"minecraft:crafting_table":3,"minecraft:spruce_planks":16940,"minecraft:wooden_pickaxe":1,"minecraft:baked_potato":111,"minecraft:smithing_table":1,"minecraft:chainmail_chestplate":29,"minecraft:red_wool":3,"minecraft:fletching_table":2,"minecraft:hay_block":1,"minecraft:birch_planks":972,"minecraft:lectern":1,"minecraft:wooden_hoe":1,"minecraft:book":50,"minecraft:paper":309,"minecraft:diamond_pickaxe":3,"minecraft:shield":1,"minecraft:stick":39004,"minecraft:stone_slab":6,"minecraft:iron_ingot":60,"minecraft:iron_block":3,"minecraft:stone_sword":1,"minecraft:golden_carrot":126,"minecraft:cookie":144,"minecraft:stone_shovel":5,"minecraft:iron_nugget":2,"minecraft:diamond_hoe":9,"minecraft:furnace":2,"minecraft:bone_meal":270,"minecraft:flint_and_steel":1,"minecraft:iron_axe":10,"minecraft:stone_pickaxe":1,"minecraft:diamond_boots":1,"minecraft:chainmail_leggings":23,"minecraft:wheat":585,"minecraft:cooked_beef":37,"minecraft:red_dye":4,"minecraft:diamond_sword":1,"minecraft:enchanting_table":1,"minecraft:red_bed":1,"minecraft:bucket":1,"minecraft:stone_axe":1,"minecraft:enchanted_book":8,"minecraft:air":0,"minecraft:oak_boat":1,"minecraft:anvil":1,"minecraft:pumpkin_pie":12,"minecraft:diamond_chestplate":1}},"DataVersion":3955}