{"stats":{"minecraft:picked_up":{"minecraft:crafting_table":6,"minecraft:wheat":154,"minecraft:chicken":5,"minecraft:nether_brick_fence":1,"minecraft:ladder":1,"minecraft:brown_mushroom":2,"minecraft:diamond_sword":1,"minecraft:enchanted_book":1,"minecraft:brewing_stand":2,"minecraft:shield":1,"minecraft:red_bed":14,"minecraft:cooked_salmon":6,"minecraft:flint_and_steel":1,"minecraft:blackstone":9,"minecraft:diamond_leggings":1,"minecraft:gold_nugget":265,"minecraft:cobbled_deepslate":46,"minecraft:spruce_planks":77,"minecraft:beef":38,"minecraft:oak_boat":1,"minecraft:rose_bush":2,"minecraft:poppy":30,"minecraft:light_gray_wool":1,"minecraft:lectern":41,"minecraft:sugar_cane":250,"minecraft:birch_sapling":9,"minecraft:diamond_hoe":1,"minecraft:furnace":2,"minecraft:egg":1,"minecraft:stick":121,"minecraft:raw_iron":61,"minecraft:oak_door":2,"minecraft:composter":10,"minecraft:copper_ingot":1,"minecraft:oak_fence":10,"minecraft:torch":6,"minecraft:porkchop":40,"minecraft:diorite":8,"minecraft:carrot":90,"minecraft:redstone":79,"minecraft:arrow":29,"minecraft:rotten_flesh":19,"minecraft:diamond_chestplate":1,"minecraft:beetroot_seeds":7,"minecraft:nether_bricks":11,"minecraft:diamond_boots":1,"minecraft:hay_block":65,"minecraft:blaze_rod":11,"minecraft:obsidian":15,"minecraft:mutton":5,"minecraft:white_wool":1,"minecraft:cobblestone":195,"minecraft:stripped_oak_log":16,"minecraft:birch_log":243,"minecraft:magma_block":7,"minecraft:cooked_beef":76,"minecraft:feather":5,"minecraft:basalt":147,"minecraft:salmon":7,"minecraft:water_bucket":1,"minecraft:andesite":7,"minecraft:brown_wool":1,"minecraft:leather":50,"minecraft:golden_leggings":1,"minecraft:red_mushroom":1,"minecraft:potato":148,"minecraft:birch_planks":5,"minecraft:flint":51,"minecraft:oak_log":442,"minecraft:gunpowder":1,"minecraft:lapis_lazuli":92,"minecraft:dirt":158,"minecraft:bone":29,"minecraft:apple":1,"minecraft:bow":3,"minecraft:wheat_seeds":362,"minecraft:grindstone":1,"minecraft:iron_ingot":142,"minecraft:fletching_table":4,"minecraft:diamond_helmet":1,"minecraft:oak_planks":10,"minecraft:soul_sand":2,"minecraft:book":3,"minecraft:cooked_porkchop":3,"minecraft:quartz":229,"minecraft:gravel":464,"minecraft:sand":4,"minecraft:spruce_sapling":18,"minecraft:blast_furnace":9,"minecraft:white_bed":10,"minecraft:spruce_log":162,"minecraft:spider_eye":3,"minecraft:diamond_shovel":1,"minecraft:diamond":36,"minecraft:granite":21,"minecraft:diamond_axe":1,"minecraft:bone_meal":5,"minecraft:emerald":14,"minecraft:oak_sapling":19,"minecraft:netherrack":504,"minecraft:coal":22,"minecraft:diamond_pickaxe":1,"minecraft:ender_pearl":2},"minecraft:used":{"minecraft:oak_fence":19,"minecraft:stone_sword":137,"minecraft:enchanting_table":1,"minecraft:flint_and_steel":1,"minecraft:stone_shovel":534,"minecraft:poppy":30,"minecraft:diamond_hoe":196,"minecraft:chest":3,"minecraft:spruce_planks":43,"minecraft:shield":49,"minecraft:cooked_salmon":3,"minecraft:netherrack":349,"minecraft:oak_door":2,"minecraft:torch":6,"minecraft:brewing_stand":1,"minecraft:dirt":158,"minecraft:carrot":18,"minecraft:granite":21,"minecraft:obsidian":10,"minecraft:lava_bucket":5,"minecraft:bookshelf":16,"minecraft:iron_axe":635,"minecraft:birch_sapling":4,"minecraft:basalt":145,"minecraft:magma_block":1,"minecraft:bow":14,"minecraft:beef":1,"minecraft:oak_sapling":19,"minecraft:furnace":4,"minecraft:beetroot_seeds":7,"minecraft:egg":1,"minecraft:potato":37,"minecraft:cooked_beef":70,"minecraft:cobbled_deepslate":46,"minecraft:cooked_mutton":5,"minecraft:wheat_seeds":263,"minecraft:water_bucket":364,"minecraft:birch_planks":5,"minecraft:diorite":8,"minecraft:stone_pickaxe":90,"minecraft:oak_planks":1,"minecraft:blackstone":9,"minecraft:sugar_cane":39,"minecraft:wooden_pickaxe":27,"minecraft:composter":7,"minecraft:diamond_axe":539,"minecraft:fletching_table":5,"minecraft:sand":4,"minecraft:blast_furnace":6,"minecraft:red_bed":14,"minecraft:crafting_table":7,"minecraft:white_bed":9,"minecraft:spruce_log":1,"minecraft:oak_log":16,"minecraft:wooden_hoe":61,"minecraft:diamond_pickaxe":1432,"minecraft:diamond_shovel":97,"minecraft:chicken":5,"minecraft:birch_slab":8,"minecraft:lectern":40,"minecraft:gravel":455,"minecraft:spruce_sapling":8,"minecraft:stone_axe":103,"minecraft:diamond_sword":577,"minecraft:cobblestone":161,"minecraft:grindstone":2,"minecraft:cooked_porkchop":33,"minecraft:andesite":7,"minecraft:smithing_table":1,"minecraft:bucket":370,"minecraft:oak_boat":1,"minecraft:diamond_leggings":1,"minecraft:bone_meal":11},"minecraft:custom":{"minecraft:interact_with_smithing_table":1,"minecraft:mob_kills":249,"minecraft:animals_bred":26,"minecraft:interact_with_crafting_table":74,"minecraft:bell_ring":6,"minecraft:leave_game":20,"minecraft:time_since_death":18973,"minecraft:climb_one_cm":152,"minecraft:sprint_one_cm":2171050,"minecraft:walk_one_cm":817498,"minecraft:damage_blocked_by_shield":1878,"minecraft:drop":26,"minecraft:talked_to_villager":379,"minecraft:play_time":516573,"minecraft:sneak_time":32866,"minecraft:deaths":2,"minecraft:walk_under_water_one_cm":77507,"minecraft:boat_one_cm":14113,"minecraft:jump":11535,"minecraft:interact_with_blast_furnace":26,"minecraft:walk_on_water_one_cm":85609,"minecraft:enchant_item":4,"minecraft:total_world_time":516614,"minecraft:interact_with_furnace":74,"minecraft:traded_with_villager":378,"minecraft:interact_with_grindstone":7,"minecraft:sleep_in_bed":39,"minecraft:time_since_rest":12645,"minecraft:damage_taken":4842,"minecraft:damage_dealt":65967,"minecraft:swim_one_cm":335277,"minecraft:fly_one_cm":2342184,"minecraft:open_chest":199,"minecraft:crouch_one_cm":77141,"minecraft:fall_one_cm":295185},"minecraft:crafted":{"minecraft:grindstone":1,"minecraft:oak_planks":1768,"minecraft:stone_shovel":5,"minecraft:diamond_hoe":9,"minecraft:birch_slab":12,"minecraft:furnace":2,"minecraft:stone":3,"minecraft:bone_meal":6,"minecraft:diamond_shovel":1,"minecraft:bookshelf":17,"minecraft:cooked_mutton":5,"minecraft:flint_and_steel":1,"minecraft:bow":1,"minecraft:diamond_helmet":1,"minecraft:diamond_leggings":1,"minecraft:iron_boots":19,"minecraft:iron_axe":10,"minecraft:stone_pickaxe":1,"minecraft:chest":3,"minecraft:diamond_boots":1,"minecraft:stone_hoe":19,"minecraft:oak_fence":9,"minecraft:chainmail_leggings":23,"minecraft:wheat":585,"minecraft:arrow":128,"minecraft:cooked_beef":36,"minecraft:red_dye":4,"minecraft:diamond_sword":1,"minecraft:emerald":293,"minecraft:cooked_porkchop":40,"minecraft:diamond_axe":1,"minecraft:crafting_table":3,"minecraft:spruce_planks":644,"minecraft:enchanting_table":1,"minecraft:wooden_pickaxe":1,"minecraft:baked_potato":47,"minecraft:red_bed":1,"minecraft:chainmail_chestplate":29,"minecraft:smithing_table":1,"minecraft:red_wool":3,"minecraft:fletching_table":2,"minecraft:bucket":1,"minecraft:hay_block":1,"minecraft:birch_planks":972,"minecraft:stone_axe":1,"minecraft:enchanted_book":1,"minecraft:air":0,"minecraft:oak_boat":1,"minecraft:lectern":1,"minecraft:book":41,"minecraft:wooden_hoe":1,"minecraft:paper":195,"minecraft:diamond_pickaxe":2,"minecraft:shield":1,"minecraft:stick":6401,"minecraft:stone_slab":6,"minecraft:iron_ingot":59,"minecraft:stone_sword":1,"minecraft:diamond_chestplate":1},"minecraft:mined":{"minecraft:nether_gold_ore":67,"minecraft:spruce_planks":33,"minecraft:white_bed":10,"minecraft:oak_sapling":1,"minecraft:deepslate_diamond_ore":36,"minecraft:oak_door":2,"minecraft:brewing_stand":2,"minecraft:obsidian":15,"minecraft:nether_bricks":11,"minecraft:ladder":1,"minecraft:granite":21,"minecraft:grass_block":66,"minecraft:spruce_leaves":103,"minecraft:composter":10,"minecraft:hay_block":65,"minecraft:redstone_ore":8,"minecraft:magma_block":4,"minecraft:carrots":42,"minecraft:furnace":2,"minecraft:iron_ore":58,"minecraft:fire":26,"minecraft:cobbled_deepslate":7,"minecraft:andesite":7,"minecraft:deepslate_lapis_ore":11,"minecraft:fletching_table":4,"minecraft:nether_brick_fence":1,"minecraft:bookshelf":1,"minecraft:potatoes":46,"minecraft:dirt_path":8,"minecraft:deepslate_iron_ore":9,"minecraft:stripped_oak_log":16,"minecraft:stone":182,"minecraft:deepslate_redstone_ore":10,"minecraft:brown_mushroom":2,"minecraft:soul_sand":2,"minecraft:red_bed":13,"minecraft:blackstone":9,"minecraft:basalt":157,"minecraft:oak_fence":10,"minecraft:crafting_table":5,"minecraft:torch":4,"minecraft:short_grass":38,"minecraft:blast_furnace":9,"minecraft:poppy":2,"minecraft:rose_bush":2,"minecraft:lectern":40,"minecraft:nether_quartz_ore":232,"minecraft:tall_grass":7,"minecraft:cobblestone":19,"minecraft:oak_planks":12,"minecraft:lapis_ore":4,"minecraft:sugar_cane":165,"minecraft:grindstone":1,"minecraft:diorite":8,"minecraft:wall_torch":1,"minecraft:birch_sapling":1,"minecraft:birch_planks":5,"minecraft:birch_log":243,"minecraft:wheat":156,"minecraft:spruce_log":162,"minecraft:birch_leaves":48,"minecraft:coal_ore":17,"minecraft:oak_log":442,"minecraft:beetroots":7,"minecraft:gravel":469,"minecraft:sand":4,"minecraft:dirt":88,"minecraft:netherrack":584,"minecraft:deepslate":30,"minecraft:oak_leaves":121},"minecraft:dropped":{"minecraft:wheat_seeds":9,"minecraft:cobblestone":1,"minecraft:copper_ingot":1,"minecraft:coal":4,"minecraft:stick":64,"minecraft:bone":2,"minecraft:raw_iron":1,"minecraft:rotten_flesh":6,"minecraft:spider_eye":3,"minecraft:arrow":15,"minecraft:magma_block":6},"minecraft:broken":{"minecraft:stone_sword":1,"minecraft:iron_axe":3,"minecraft:stone_axe":1,"minecraft:wooden_hoe":1,"minecraft:stone_shovel":3},"minecraft:killed":{"minecraft:spider":3,"minecraft:skeleton":21,"minecraft:horse":9,"minecraft:chicken":5,"minecraft:drowned":2,"minecraft:magma_cube":3,"minecraft:piglin":12,"minecraft:pig":21,"minecraft:zombie_villager":1,"minecraft:salmon":10,"minecraft:iron_golem":34,"minecraft:creeper":2,"minecraft:sheep":3,"minecraft:zombie":21,"minecraft:donkey":1,"minecraft:ghast":1,"minecraft:wither_skeleton":10,"minecraft:enderman":4,"minecraft:blaze":34,"minecraft:cow":42}},"DataVersion":3955}