{"stats":{"minecraft:picked_up":{"minecraft:wheat":154,"minecraft:nether_brick_fence":1,"minecraft:diamond_sword":1,"minecraft:enchanted_book":1,"minecraft:brewing_stand":2,"minecraft:soul_soil":20,"minecraft:cooked_salmon":6,"minecraft:diamond_leggings":1,"minecraft:gold_nugget":269,"minecraft:cobbled_deepslate":46,"minecraft:spruce_planks":77,"minecraft:rose_bush":2,"minecraft:furnace":2,"minecraft:stick":168,"minecraft:composter":10,"minecraft:oak_fence":10,"minecraft:torch":6,"minecraft:porkchop":40,"minecraft:diorite":8,"minecraft:rotten_flesh":19,"minecraft:blaze_rod":11,"minecraft:obsidian":15,"minecraft:cobblestone":195,"minecraft:birch_log":243,"minecraft:magma_block":7,"minecraft:feather":5,"minecraft:cooked_beef":76,"minecraft:water_bucket":1,"minecraft:andesite":7,"minecraft:brown_wool":1,"minecraft:golden_leggings":1,"minecraft:potato":148,"minecraft:flint":51,"minecraft:lapis_lazuli":92,"minecraft:dirt":173,"minecraft:twisting_vines":11,"minecraft:bone":29,"minecraft:bow":3,"minecraft:wheat_seeds":362,"minecraft:grindstone":1,"minecraft:diamond_helmet":1,"minecraft:fletching_table":4,"minecraft:oak_planks":10,"minecraft:cooked_porkchop":3,"minecraft:sand":4,"minecraft:diamond":36,"minecraft:granite":21,"minecraft:bone_meal":5,"minecraft:emerald":14,"minecraft:oak_sapling":19,"minecraft:netherrack":1199,"minecraft:diamond_pickaxe":1,"minecraft:crafting_table":6,"minecraft:chicken":5,"minecraft:ladder":1,"minecraft:brown_mushroom":2,"minecraft:shield":1,"minecraft:red_bed":14,"minecraft:flint_and_steel":1,"minecraft:blackstone":20,"minecraft:beef":38,"minecraft:oak_boat":1,"minecraft:poppy":30,"minecraft:light_gray_wool":1,"minecraft:lectern":41,"minecraft:sugar_cane":250,"minecraft:birch_sapling":9,"minecraft:diamond_hoe":1,"minecraft:egg":1,"minecraft:raw_iron":61,"minecraft:oak_door":2,"minecraft:copper_ingot":1,"minecraft:carrot":90,"minecraft:redstone":79,"minecraft:arrow":29,"minecraft:diamond_chestplate":1,"minecraft:beetroot_seeds":7,"minecraft:nether_bricks":11,"minecraft:diamond_boots":1,"minecraft:hay_block":65,"minecraft:mutton":5,"minecraft:white_wool":1,"minecraft:stripped_oak_log":16,"minecraft:basalt":165,"minecraft:salmon":7,"minecraft:leather":50,"minecraft:red_mushroom":1,"minecraft:birch_planks":5,"minecraft:oak_log":442,"minecraft:gunpowder":1,"minecraft:apple":1,"minecraft:warped_stem":2,"minecraft:iron_ingot":142,"minecraft:soul_sand":2,"minecraft:book":3,"minecraft:warped_fungus":1,"minecraft:quartz":266,"minecraft:gravel":464,"minecraft:spruce_sapling":34,"minecraft:blast_furnace":9,"minecraft:white_bed":10,"minecraft:spruce_log":310,"minecraft:spider_eye":3,"minecraft:diamond_shovel":1,"minecraft:diamond_axe":1,"minecraft:warped_roots":7,"minecraft:warped_nylium":4,"minecraft:coal":22,"minecraft:ender_pearl":12},"minecraft:used":{"minecraft:diamond_hoe":196,"minecraft:poppy":30,"minecraft:chest":4,"minecraft:shield":49,"minecraft:carrot":18,"minecraft:obsidian":10,"minecraft:lava_bucket":5,"minecraft:birch_sapling":4,"minecraft:magma_block":1,"minecraft:bow":14,"minecraft:furnace":4,"minecraft:oak_sapling":19,"minecraft:beetroot_seeds":7,"minecraft:egg":1,"minecraft:potato":37,"minecraft:diorite":8,"minecraft:stone_pickaxe":90,"minecraft:oak_planks":1,"minecraft:blackstone":9,"minecraft:wooden_pickaxe":27,"minecraft:composter":7,"minecraft:diamond_axe":692,"minecraft:sugar_cane":39,"minecraft:sand":4,"minecraft:blast_furnace":6,"minecraft:birch_slab":8,"minecraft:lectern":40,"minecraft:gravel":455,"minecraft:diamond_sword":691,"minecraft:grindstone":2,"minecraft:smithing_table":1,"minecraft:andesite":7,"minecraft:oak_boat":1,"minecraft:bone_meal":24,"minecraft:oak_fence":19,"minecraft:enchanting_table":1,"minecraft:stone_sword":137,"minecraft:flint_and_steel":1,"minecraft:stone_shovel":534,"minecraft:spruce_planks":43,"minecraft:cooked_salmon":3,"minecraft:netherrack":628,"minecraft:oak_door":2,"minecraft:torch":6,"minecraft:brewing_stand":1,"minecraft:dirt":171,"minecraft:twisting_vines":7,"minecraft:granite":21,"minecraft:bookshelf":16,"minecraft:iron_axe":635,"minecraft:basalt":147,"minecraft:beef":1,"minecraft:soul_soil":20,"minecraft:cooked_beef":85,"minecraft:cobbled_deepslate":46,"minecraft:wheat_seeds":263,"minecraft:cooked_mutton":5,"minecraft:water_bucket":364,"minecraft:birch_planks":5,"minecraft:fletching_table":5,"minecraft:crafting_table":7,"minecraft:red_bed":14,"minecraft:white_bed":9,"minecraft:spruce_log":1,"minecraft:oak_log":16,"minecraft:wooden_hoe":61,"minecraft:diamond_pickaxe":2319,"minecraft:diamond_shovel":148,"minecraft:chicken":5,"minecraft:spruce_sapling":20,"minecraft:stone_axe":103,"minecraft:cobblestone":161,"minecraft:cooked_porkchop":33,"minecraft:bucket":370,"minecraft:diamond_leggings":1},"minecraft:custom":{"minecraft:animals_bred":26,"minecraft:interact_with_crafting_table":75,"minecraft:bell_ring":6,"minecraft:leave_game":21,"minecraft:time_since_death":10886,"minecraft:sprint_one_cm":2339604,"minecraft:damage_blocked_by_shield":1878,"minecraft:drop":27,"minecraft:talked_to_villager":384,"minecraft:play_time":552257,"minecraft:deaths":3,"minecraft:jump":12392,"minecraft:walk_on_water_one_cm":85609,"minecraft:enchant_item":7,"minecraft:interact_with_furnace":75,"minecraft:traded_with_villager":413,"minecraft:sleep_in_bed":40,"minecraft:damage_dealt":73554,"minecraft:crouch_one_cm":90415,"minecraft:interact_with_smithing_table":1,"minecraft:mob_kills":272,"minecraft:climb_one_cm":7452,"minecraft:walk_one_cm":873454,"minecraft:sneak_time":36371,"minecraft:walk_under_water_one_cm":77507,"minecraft:boat_one_cm":14113,"minecraft:interact_with_blast_furnace":26,"minecraft:total_world_time":552298,"minecraft:interact_with_grindstone":9,"minecraft:time_since_rest":10726,"minecraft:damage_taken":6182,"minecraft:swim_one_cm":335277,"minecraft:fly_one_cm":2430925,"minecraft:open_chest":215,"minecraft:fall_one_cm":326034},"minecraft:mined":{"minecraft:spruce_planks":33,"minecraft:white_bed":10,"minecraft:oak_sapling":1,"minecraft:brewing_stand":2,"minecraft:obsidian":15,"minecraft:granite":21,"minecraft:grass_block":80,"minecraft:soul_soil":36,"minecraft:composter":10,"minecraft:magma_block":4,"minecraft:cobbled_deepslate":7,"minecraft:iron_ore":58,"minecraft:fire":29,"minecraft:fletching_table":4,"minecraft:deepslate_lapis_ore":11,"minecraft:twisting_vines":6,"minecraft:dirt_path":8,"minecraft:deepslate_redstone_ore":10,"minecraft:brown_mushroom":2,"minecraft:red_bed":13,"minecraft:blackstone":20,"minecraft:twisting_vines_plant":6,"minecraft:torch":4,"minecraft:blast_furnace":9,"minecraft:poppy":2,"minecraft:nether_quartz_ore":270,"minecraft:cobblestone":19,"minecraft:grindstone":1,"minecraft:sugar_cane":165,"minecraft:oak_planks":12,"minecraft:wall_torch":1,"minecraft:birch_sapling":1,"minecraft:warped_nylium":14,"minecraft:birch_log":243,"minecraft:wheat":156,"minecraft:oak_log":442,"minecraft:beetroots":7,"minecraft:sand":4,"minecraft:dirt":89,"minecraft:netherrack":1389,"minecraft:oak_leaves":121,"minecraft:deepslate":30,"minecraft:nether_gold_ore":68,"minecraft:deepslate_diamond_ore":36,"minecraft:oak_door":2,"minecraft:ladder":1,"minecraft:nether_bricks":11,"minecraft:spruce_leaves":106,"minecraft:hay_block":65,"minecraft:redstone_ore":8,"minecraft:furnace":2,"minecraft:carrots":42,"minecraft:andesite":7,"minecraft:nether_brick_fence":1,"minecraft:bookshelf":1,"minecraft:potatoes":46,"minecraft:deepslate_iron_ore":9,"minecraft:warped_stem":2,"minecraft:stripped_oak_log":16,"minecraft:stone":182,"minecraft:soul_sand":2,"minecraft:basalt":175,"minecraft:oak_fence":10,"minecraft:crafting_table":5,"minecraft:short_grass":38,"minecraft:rose_bush":2,"minecraft:lectern":40,"minecraft:tall_grass":7,"minecraft:lapis_ore":4,"minecraft:diorite":8,"minecraft:birch_planks":5,"minecraft:spruce_log":310,"minecraft:birch_leaves":48,"minecraft:coal_ore":17,"minecraft:gravel":469},"minecraft:crafted":{"minecraft:grindstone":1,"minecraft:oak_planks":1768,"minecraft:birch_slab":12,"minecraft:stone":3,"minecraft:diamond_shovel":1,"minecraft:bookshelf":17,"minecraft:cooked_mutton":5,"minecraft:warped_planks":8,"minecraft:diamond_helmet":1,"minecraft:bow":1,"minecraft:diamond_leggings":1,"minecraft:iron_boots":19,"minecraft:chest":4,"minecraft:stone_hoe":19,"minecraft:oak_fence":9,"minecraft:arrow":128,"minecraft:emerald":328,"minecraft:cooked_porkchop":40,"minecraft:diamond_axe":1,"minecraft:crafting_table":3,"minecraft:spruce_planks":1196,"minecraft:baked_potato":47,"minecraft:wooden_pickaxe":1,"minecraft:smithing_table":1,"minecraft:chainmail_chestplate":29,"minecraft:red_wool":3,"minecraft:fletching_table":2,"minecraft:birch_planks":972,"minecraft:hay_block":1,"minecraft:lectern":1,"minecraft:wooden_hoe":1,"minecraft:book":41,"minecraft:paper":195,"minecraft:diamond_pickaxe":2,"minecraft:shield":1,"minecraft:stick":7505,"minecraft:stone_slab":6,"minecraft:iron_ingot":59,"minecraft:stone_sword":1,"minecraft:stone_shovel":5,"minecraft:iron_nugget":2,"minecraft:diamond_hoe":9,"minecraft:furnace":2,"minecraft:bone_meal":81,"minecraft:flint_and_steel":1,"minecraft:iron_axe":10,"minecraft:stone_pickaxe":1,"minecraft:diamond_boots":1,"minecraft:chainmail_leggings":23,"minecraft:wheat":585,"minecraft:cooked_beef":36,"minecraft:red_dye":4,"minecraft:diamond_sword":1,"minecraft:enchanting_table":1,"minecraft:red_bed":1,"minecraft:bucket":1,"minecraft:stone_axe":1,"minecraft:enchanted_book":1,"minecraft:air":0,"minecraft:oak_boat":1,"minecraft:diamond_chestplate":1},"minecraft:dropped":{"minecraft:bone":2,"minecraft:rotten_flesh":6,"minecraft:arrow":15,"minecraft:wheat_seeds":9,"minecraft:cobblestone":1,"minecraft:copper_ingot":1,"minecraft:coal":4,"minecraft:stick":104,"minecraft:raw_iron":1,"minecraft:spider_eye":3,"minecraft:magma_block":6},"minecraft:broken":{"minecraft:stone_axe":1,"minecraft:stone_shovel":3,"minecraft:stone_sword":1,"minecraft:iron_axe":3,"minecraft:wooden_hoe":1},"minecraft:killed":{"minecraft:spider":3,"minecraft:skeleton":21,"minecraft:chicken":5,"minecraft:magma_cube":3,"minecraft:piglin":15,"minecraft:pig":21,"minecraft:zombie_villager":1,"minecraft:salmon":10,"minecraft:iron_golem":34,"minecraft:creeper":2,"minecraft:sheep":3,"minecraft:donkey":1,"minecraft:zombie":21,"minecraft:ghast":1,"minecraft:cow":42,"minecraft:blaze":34,"minecraft:horse":9,"minecraft:drowned":2,"minecraft:wither_skeleton":10,"minecraft:enderman":22}},"DataVersion":3955}