{"stats":{"minecraft:picked_up":{"minecraft:crafting_table":5,"minecraft:wheat":154,"minecraft:chicken":5,"minecraft:ladder":1,"minecraft:brown_mushroom":2,"minecraft:diamond_sword":1,"minecraft:enchanted_book":1,"minecraft:brewing_stand":2,"minecraft:shield":1,"minecraft:red_bed":14,"minecraft:cooked_salmon":6,"minecraft:flint_and_steel":1,"minecraft:diamond_leggings":1,"minecraft:cobbled_deepslate":46,"minecraft:spruce_planks":33,"minecraft:beef":26,"minecraft:oak_boat":1,"minecraft:rose_bush":2,"minecraft:poppy":28,"minecraft:light_gray_wool":1,"minecraft:lectern":38,"minecraft:sugar_cane":242,"minecraft:birch_sapling":9,"minecraft:diamond_hoe":1,"minecraft:furnace":2,"minecraft:egg":1,"minecraft:stick":45,"minecraft:raw_iron":61,"minecraft:oak_door":2,"minecraft:composter":10,"minecraft:copper_ingot":1,"minecraft:oak_fence":10,"minecraft:torch":6,"minecraft:porkchop":40,"minecraft:diorite":8,"minecraft:carrot":90,"minecraft:redstone":79,"minecraft:rotten_flesh":19,"minecraft:arrow":28,"minecraft:diamond_chestplate":1,"minecraft:beetroot_seeds":7,"minecraft:diamond_boots":1,"minecraft:hay_block":65,"minecraft:obsidian":14,"minecraft:mutton":5,"minecraft:white_wool":1,"minecraft:cobblestone":194,"minecraft:birch_log":243,"minecraft:stripped_oak_log":16,"minecraft:magma_block":7,"minecraft:feather":5,"minecraft:cooked_beef":76,"minecraft:andesite":7,"minecraft:water_bucket":1,"minecraft:salmon":3,"minecraft:brown_wool":1,"minecraft:leather":41,"minecraft:potato":148,"minecraft:birch_planks":5,"minecraft:flint":51,"minecraft:oak_log":442,"minecraft:gunpowder":1,"minecraft:lapis_lazuli":92,"minecraft:dirt":149,"minecraft:bone":17,"minecraft:apple":1,"minecraft:bow":3,"minecraft:wheat_seeds":362,"minecraft:iron_ingot":138,"minecraft:grindstone":1,"minecraft:fletching_table":1,"minecraft:diamond_helmet":1,"minecraft:oak_planks":4,"minecraft:gravel":464,"minecraft:sand":4,"minecraft:spruce_sapling":12,"minecraft:blast_furnace":9,"minecraft:white_bed":7,"minecraft:spruce_log":162,"minecraft:spider_eye":3,"minecraft:diamond_shovel":1,"minecraft:diamond":36,"minecraft:granite":21,"minecraft:diamond_axe":1,"minecraft:bone_meal":5,"minecraft:emerald":14,"minecraft:oak_sapling":19,"minecraft:coal":20,"minecraft:ender_pearl":1,"minecraft:diamond_pickaxe":1},"minecraft:used":{"minecraft:oak_fence":19,"minecraft:stone_sword":137,"minecraft:enchanting_table":1,"minecraft:flint_and_steel":1,"minecraft:stone_shovel":534,"minecraft:poppy":28,"minecraft:diamond_hoe":196,"minecraft:chest":3,"minecraft:spruce_planks":43,"minecraft:shield":35,"minecraft:cooked_salmon":3,"minecraft:oak_door":2,"minecraft:torch":6,"minecraft:brewing_stand":1,"minecraft:dirt":133,"minecraft:carrot":18,"minecraft:granite":21,"minecraft:obsidian":10,"minecraft:lava_bucket":5,"minecraft:bookshelf":12,"minecraft:iron_axe":635,"minecraft:birch_sapling":4,"minecraft:magma_block":1,"minecraft:beef":1,"minecraft:oak_sapling":19,"minecraft:furnace":4,"minecraft:beetroot_seeds":7,"minecraft:egg":1,"minecraft:potato":37,"minecraft:cooked_beef":36,"minecraft:cobbled_deepslate":21,"minecraft:cooked_mutton":5,"minecraft:wheat_seeds":263,"minecraft:water_bucket":359,"minecraft:diorite":8,"minecraft:birch_planks":5,"minecraft:stone_pickaxe":90,"minecraft:oak_planks":1,"minecraft:wooden_pickaxe":27,"minecraft:composter":7,"minecraft:diamond_axe":514,"minecraft:fletching_table":3,"minecraft:sugar_cane":39,"minecraft:sand":4,"minecraft:blast_furnace":6,"minecraft:crafting_table":6,"minecraft:red_bed":14,"minecraft:white_bed":7,"minecraft:spruce_log":1,"minecraft:oak_log":16,"minecraft:wooden_hoe":61,"minecraft:diamond_pickaxe":364,"minecraft:diamond_shovel":86,"minecraft:chicken":5,"minecraft:birch_slab":8,"minecraft:lectern":37,"minecraft:gravel":455,"minecraft:spruce_sapling":8,"minecraft:stone_axe":103,"minecraft:diamond_sword":355,"minecraft:cobblestone":151,"minecraft:grindstone":2,"minecraft:cooked_porkchop":30,"minecraft:smithing_table":1,"minecraft:andesite":7,"minecraft:bucket":365,"minecraft:oak_boat":1,"minecraft:bone_meal":11},"minecraft:custom":{"minecraft:mob_kills":169,"minecraft:animals_bred":23,"minecraft:interact_with_crafting_table":64,"minecraft:bell_ring":6,"minecraft:leave_game":19,"minecraft:time_since_death":102685,"minecraft:climb_one_cm":152,"minecraft:sprint_one_cm":1671634,"minecraft:walk_one_cm":665245,"minecraft:damage_blocked_by_shield":1428,"minecraft:drop":25,"minecraft:talked_to_villager":341,"minecraft:play_time":416474,"minecraft:sneak_time":23390,"minecraft:deaths":1,"minecraft:walk_under_water_one_cm":75921,"minecraft:boat_one_cm":14113,"minecraft:jump":9030,"minecraft:interact_with_blast_furnace":25,"minecraft:walk_on_water_one_cm":82444,"minecraft:total_world_time":416515,"minecraft:interact_with_furnace":52,"minecraft:traded_with_villager":322,"minecraft:sleep_in_bed":35,"minecraft:time_since_rest":8707,"minecraft:damage_taken":2346,"minecraft:damage_dealt":51959,"minecraft:swim_one_cm":323213,"minecraft:fly_one_cm":1852898,"minecraft:open_chest":138,"minecraft:crouch_one_cm":42999,"minecraft:fall_one_cm":208817},"minecraft:mined":{"minecraft:spruce_planks":33,"minecraft:white_bed":7,"minecraft:oak_sapling":1,"minecraft:deepslate_diamond_ore":36,"minecraft:oak_door":2,"minecraft:brewing_stand":2,"minecraft:obsidian":14,"minecraft:ladder":1,"minecraft:granite":21,"minecraft:grass_block":64,"minecraft:spruce_leaves":103,"minecraft:composter":10,"minecraft:hay_block":65,"minecraft:redstone_ore":8,"minecraft:magma_block":4,"minecraft:carrots":42,"minecraft:furnace":2,"minecraft:iron_ore":58,"minecraft:cobbled_deepslate":4,"minecraft:andesite":7,"minecraft:deepslate_lapis_ore":11,"minecraft:fletching_table":1,"minecraft:potatoes":46,"minecraft:dirt_path":8,"minecraft:deepslate_iron_ore":9,"minecraft:stripped_oak_log":16,"minecraft:stone":180,"minecraft:deepslate_redstone_ore":10,"minecraft:brown_mushroom":2,"minecraft:red_bed":13,"minecraft:oak_fence":10,"minecraft:crafting_table":4,"minecraft:torch":4,"minecraft:short_grass":38,"minecraft:blast_furnace":9,"minecraft:poppy":2,"minecraft:rose_bush":2,"minecraft:lectern":37,"minecraft:tall_grass":7,"minecraft:cobblestone":19,"minecraft:oak_planks":6,"minecraft:lapis_ore":4,"minecraft:sugar_cane":157,"minecraft:grindstone":1,"minecraft:diorite":8,"minecraft:wall_torch":1,"minecraft:birch_sapling":1,"minecraft:birch_planks":5,"minecraft:birch_log":243,"minecraft:wheat":156,"minecraft:spruce_log":162,"minecraft:birch_leaves":48,"minecraft:oak_log":442,"minecraft:coal_ore":17,"minecraft:beetroots":7,"minecraft:gravel":469,"minecraft:sand":4,"minecraft:dirt":81,"minecraft:oak_leaves":119,"minecraft:deepslate":30},"minecraft:crafted":{"minecraft:grindstone":1,"minecraft:oak_planks":1768,"minecraft:stone_shovel":5,"minecraft:diamond_hoe":9,"minecraft:birch_slab":12,"minecraft:furnace":2,"minecraft:stone":3,"minecraft:bone_meal":6,"minecraft:diamond_shovel":1,"minecraft:bookshelf":13,"minecraft:cooked_mutton":5,"minecraft:flint_and_steel":1,"minecraft:diamond_helmet":1,"minecraft:diamond_leggings":1,"minecraft:iron_boots":19,"minecraft:iron_axe":10,"minecraft:stone_pickaxe":1,"minecraft:chest":3,"minecraft:diamond_boots":1,"minecraft:stone_hoe":19,"minecraft:oak_fence":9,"minecraft:chainmail_leggings":23,"minecraft:wheat":585,"minecraft:cooked_beef":22,"minecraft:red_dye":4,"minecraft:diamond_sword":1,"minecraft:emerald":248,"minecraft:cooked_porkchop":30,"minecraft:diamond_axe":1,"minecraft:crafting_table":3,"minecraft:spruce_planks":104,"minecraft:enchanting_table":1,"minecraft:wooden_pickaxe":1,"minecraft:red_bed":1,"minecraft:chainmail_chestplate":29,"minecraft:smithing_table":1,"minecraft:red_wool":3,"minecraft:fletching_table":2,"minecraft:bucket":1,"minecraft:hay_block":1,"minecraft:birch_planks":972,"minecraft:stone_axe":1,"minecraft:enchanted_book":1,"minecraft:air":0,"minecraft:oak_boat":1,"minecraft:lectern":1,"minecraft:wooden_hoe":1,"minecraft:book":41,"minecraft:paper":129,"minecraft:diamond_pickaxe":1,"minecraft:shield":1,"minecraft:stick":5312,"minecraft:stone_slab":6,"minecraft:iron_ingot":59,"minecraft:stone_sword":1,"minecraft:diamond_chestplate":1},"minecraft:dropped":{"minecraft:wheat_seeds":9,"minecraft:cobblestone":1,"minecraft:copper_ingot":1,"minecraft:coal":4,"minecraft:bone":2,"minecraft:raw_iron":1,"minecraft:rotten_flesh":6,"minecraft:spider_eye":3,"minecraft:arrow":15,"minecraft:magma_block":6},"minecraft:broken":{"minecraft:stone_sword":1,"minecraft:iron_axe":3,"minecraft:stone_axe":1,"minecraft:wooden_hoe":1,"minecraft:stone_shovel":3},"minecraft:killed":{"minecraft:spider":3,"minecraft:skeleton":15,"minecraft:horse":9,"minecraft:chicken":5,"minecraft:drowned":2,"minecraft:pig":21,"minecraft:zombie_villager":1,"minecraft:salmon":6,"minecraft:iron_golem":34,"minecraft:creeper":2,"minecraft:sheep":3,"minecraft:zombie":21,"minecraft:donkey":1,"minecraft:enderman":2,"minecraft:cow":37}},"DataVersion":3955}