{"stats":{"minecraft:picked_up":{"minecraft:crafting_table":4,"minecraft:wheat":67,"minecraft:chicken":5,"minecraft:ladder":1,"minecraft:brown_mushroom":2,"minecraft:brewing_stand":2,"minecraft:red_bed":10,"minecraft:cobbled_deepslate":35,"minecraft:beef":26,"minecraft:oak_boat":1,"minecraft:rose_bush":2,"minecraft:poppy":25,"minecraft:light_gray_wool":1,"minecraft:lectern":3,"minecraft:sugar_cane":79,"minecraft:birch_sapling":9,"minecraft:furnace":2,"minecraft:egg":1,"minecraft:stick":35,"minecraft:raw_iron":59,"minecraft:oak_door":2,"minecraft:oak_fence":10,"minecraft:composter":10,"minecraft:copper_ingot":1,"minecraft:torch":6,"minecraft:porkchop":40,"minecraft:carrot":90,"minecraft:rotten_flesh":6,"minecraft:arrow":15,"minecraft:beetroot_seeds":7,"minecraft:hay_block":65,"minecraft:obsidian":14,"minecraft:mutton":5,"minecraft:white_wool":1,"minecraft:cobblestone":147,"minecraft:birch_log":243,"minecraft:stripped_oak_log":16,"minecraft:magma_block":7,"minecraft:feather":5,"minecraft:cooked_beef":5,"minecraft:andesite":4,"minecraft:brown_wool":1,"minecraft:leather":17,"minecraft:potato":43,"minecraft:birch_planks":5,"minecraft:flint":51,"minecraft:oak_log":442,"minecraft:dirt":71,"minecraft:bone":4,"minecraft:apple":1,"minecraft:bow":1,"minecraft:wheat_seeds":217,"minecraft:grindstone":1,"minecraft:iron_ingot":118,"minecraft:fletching_table":1,"minecraft:oak_planks":4,"minecraft:gravel":460,"minecraft:sand":4,"minecraft:spruce_sapling":4,"minecraft:blast_furnace":9,"minecraft:white_bed":7,"minecraft:spruce_log":16,"minecraft:spider_eye":3,"minecraft:diamond":34,"minecraft:granite":14,"minecraft:bone_meal":5,"minecraft:oak_sapling":18,"minecraft:coal":20},"minecraft:used":{"minecraft:oak_fence":19,"minecraft:stone_sword":137,"minecraft:flint_and_steel":1,"minecraft:stone_shovel":534,"minecraft:poppy":25,"minecraft:diamond_hoe":178,"minecraft:chest":2,"minecraft:shield":17,"minecraft:oak_door":2,"minecraft:torch":6,"minecraft:brewing_stand":1,"minecraft:dirt":65,"minecraft:carrot":18,"minecraft:granite":14,"minecraft:obsidian":10,"minecraft:lava_bucket":5,"minecraft:iron_axe":635,"minecraft:birch_sapling":4,"minecraft:magma_block":1,"minecraft:beef":1,"minecraft:oak_sapling":18,"minecraft:furnace":4,"minecraft:beetroot_seeds":2,"minecraft:egg":1,"minecraft:potato":37,"minecraft:cooked_beef":12,"minecraft:cobbled_deepslate":11,"minecraft:cooked_mutton":5,"minecraft:wheat_seeds":202,"minecraft:water_bucket":175,"minecraft:birch_planks":5,"minecraft:stone_pickaxe":90,"minecraft:oak_planks":1,"minecraft:wooden_pickaxe":27,"minecraft:composter":7,"minecraft:diamond_axe":293,"minecraft:fletching_table":3,"minecraft:sand":4,"minecraft:blast_furnace":6,"minecraft:crafting_table":6,"minecraft:red_bed":10,"minecraft:white_bed":7,"minecraft:spruce_log":1,"minecraft:oak_log":16,"minecraft:wooden_hoe":61,"minecraft:diamond_pickaxe":232,"minecraft:diamond_shovel":13,"minecraft:chicken":5,"minecraft:birch_slab":8,"minecraft:lectern":4,"minecraft:gravel":451,"minecraft:stone_axe":103,"minecraft:diamond_sword":150,"minecraft:cobblestone":115,"minecraft:grindstone":2,"minecraft:cooked_porkchop":30,"minecraft:smithing_table":1,"minecraft:andesite":4,"minecraft:bucket":181,"minecraft:oak_boat":1,"minecraft:bone_meal":11},"minecraft:custom":{"minecraft:mob_kills":98,"minecraft:animals_bred":2,"minecraft:interact_with_crafting_table":43,"minecraft:bell_ring":6,"minecraft:leave_game":9,"minecraft:time_since_death":263047,"minecraft:climb_one_cm":152,"minecraft:sprint_one_cm":1162916,"minecraft:walk_one_cm":488635,"minecraft:damage_blocked_by_shield":709,"minecraft:drop":21,"minecraft:talked_to_villager":273,"minecraft:play_time":263047,"minecraft:sneak_time":19087,"minecraft:walk_under_water_one_cm":37174,"minecraft:boat_one_cm":14113,"minecraft:jump":6097,"minecraft:interact_with_blast_furnace":24,"minecraft:walk_on_water_one_cm":58203,"minecraft:total_world_time":263088,"minecraft:interact_with_furnace":52,"minecraft:traded_with_villager":321,"minecraft:sleep_in_bed":22,"minecraft:time_since_rest":11370,"minecraft:damage_taken":1320,"minecraft:damage_dealt":37700,"minecraft:swim_one_cm":231942,"minecraft:fly_one_cm":1208453,"minecraft:open_chest":106,"minecraft:crouch_one_cm":33812,"minecraft:fall_one_cm":135837},"minecraft:mined":{"minecraft:white_bed":7,"minecraft:oak_sapling":1,"minecraft:deepslate_diamond_ore":34,"minecraft:oak_door":2,"minecraft:brewing_stand":2,"minecraft:obsidian":14,"minecraft:ladder":1,"minecraft:granite":14,"minecraft:grass_block":35,"minecraft:spruce_leaves":102,"minecraft:composter":10,"minecraft:hay_block":65,"minecraft:magma_block":4,"minecraft:furnace":2,"minecraft:carrots":42,"minecraft:iron_ore":57,"minecraft:cobbled_deepslate":1,"minecraft:andesite":4,"minecraft:fletching_table":1,"minecraft:potatoes":18,"minecraft:deepslate_iron_ore":9,"minecraft:dirt_path":4,"minecraft:stripped_oak_log":16,"minecraft:stone":136,"minecraft:brown_mushroom":2,"minecraft:red_bed":10,"minecraft:oak_fence":10,"minecraft:crafting_table":4,"minecraft:torch":4,"minecraft:short_grass":34,"minecraft:blast_furnace":9,"minecraft:poppy":2,"minecraft:rose_bush":2,"minecraft:lectern":3,"minecraft:tall_grass":5,"minecraft:cobblestone":10,"minecraft:grindstone":1,"minecraft:sugar_cane":34,"minecraft:oak_planks":6,"minecraft:wall_torch":1,"minecraft:birch_sapling":1,"minecraft:birch_planks":5,"minecraft:birch_log":243,"minecraft:wheat":103,"minecraft:spruce_log":16,"minecraft:birch_leaves":47,"minecraft:oak_log":442,"minecraft:coal_ore":17,"minecraft:beetroots":7,"minecraft:gravel":469,"minecraft:sand":4,"minecraft:dirt":37,"minecraft:oak_leaves":101,"minecraft:deepslate":29},"minecraft:crafted":{"minecraft:grindstone":1,"minecraft:oak_planks":1768,"minecraft:stone_shovel":5,"minecraft:diamond_hoe":9,"minecraft:birch_slab":12,"minecraft:furnace":2,"minecraft:stone":3,"minecraft:bone_meal":6,"minecraft:diamond_shovel":1,"minecraft:bookshelf":1,"minecraft:cooked_mutton":5,"minecraft:flint_and_steel":1,"minecraft:diamond_helmet":1,"minecraft:diamond_leggings":1,"minecraft:iron_boots":19,"minecraft:iron_axe":10,"minecraft:stone_pickaxe":1,"minecraft:chest":2,"minecraft:diamond_boots":1,"minecraft:stone_hoe":19,"minecraft:oak_fence":9,"minecraft:chainmail_leggings":23,"minecraft:wheat":585,"minecraft:cooked_beef":22,"minecraft:red_dye":4,"minecraft:diamond_sword":1,"minecraft:emerald":248,"minecraft:cooked_porkchop":30,"minecraft:diamond_axe":1,"minecraft:crafting_table":3,"minecraft:spruce_planks":8,"minecraft:wooden_pickaxe":1,"minecraft:chainmail_chestplate":29,"minecraft:red_bed":1,"minecraft:smithing_table":1,"minecraft:red_wool":3,"minecraft:fletching_table":2,"minecraft:birch_planks":972,"minecraft:bucket":1,"minecraft:hay_block":1,"minecraft:stone_axe":1,"minecraft:air":0,"minecraft:oak_boat":1,"minecraft:lectern":1,"minecraft:wooden_hoe":1,"minecraft:book":4,"minecraft:paper":12,"minecraft:diamond_pickaxe":1,"minecraft:shield":1,"minecraft:stick":5312,"minecraft:stone_slab":6,"minecraft:iron_ingot":59,"minecraft:stone_sword":1,"minecraft:diamond_chestplate":1},"minecraft:dropped":{"minecraft:wheat_seeds":7,"minecraft:copper_ingot":1,"minecraft:coal":4,"minecraft:bone":2,"minecraft:rotten_flesh":6,"minecraft:spider_eye":3,"minecraft:arrow":15,"minecraft:magma_block":6},"minecraft:broken":{"minecraft:stone_sword":1,"minecraft:iron_axe":3,"minecraft:stone_axe":1,"minecraft:wooden_hoe":1,"minecraft:stone_shovel":3},"minecraft:killed":{"minecraft:spider":2,"minecraft:skeleton":2,"minecraft:horse":2,"minecraft:chicken":5,"minecraft:drowned":2,"minecraft:pig":21,"minecraft:zombie_villager":1,"minecraft:iron_golem":29,"minecraft:creeper":2,"minecraft:sheep":3,"minecraft:zombie":9,"minecraft:donkey":1,"minecraft:cow":15}},"DataVersion":3955}