{"stats":{"minecraft:crafted":{"minecraft:red_dye":4,"minecraft:grindstone":1,"minecraft:stone_shovel":1,"minecraft:cooked_porkchop":9,"minecraft:crafting_table":1,"minecraft:wooden_pickaxe":1,"minecraft:red_bed":1,"minecraft:furnace":2,"minecraft:red_wool":3,"minecraft:stone":3,"minecraft:birch_planks":28,"minecraft:stone_axe":1,"minecraft:cooked_mutton":5,"minecraft:air":0,"minecraft:stick":12,"minecraft:stone_slab":6,"minecraft:stone_pickaxe":1,"minecraft:stone_sword":1},"minecraft:mined":{"minecraft:brown_mushroom":2,"minecraft:white_bed":7,"minecraft:red_bed":1,"minecraft:brewing_stand":1,"minecraft:crafting_table":2,"minecraft:ladder":1,"minecraft:short_grass":9,"minecraft:blast_furnace":4,"minecraft:grass_block":1,"minecraft:rose_bush":2,"minecraft:cobblestone":3,"minecraft:oak_planks":2,"minecraft:sugar_cane":10,"minecraft:composter":7,"minecraft:birch_sapling":1,"minecraft:birch_planks":5,"minecraft:furnace":2,"minecraft:birch_log":28,"minecraft:spruce_log":2,"minecraft:birch_leaves":45,"minecraft:gravel":4,"minecraft:dirt":1,"minecraft:stone":25},"minecraft:used":{"minecraft:cooked_mutton":3,"minecraft:stone_sword":58,"minecraft:birch_planks":5,"minecraft:stone_pickaxe":13,"minecraft:wooden_pickaxe":27,"minecraft:composter":6,"minecraft:brewing_stand":1,"minecraft:dirt":2,"minecraft:crafting_table":3,"minecraft:red_bed":1,"minecraft:blast_furnace":4,"minecraft:white_bed":7,"minecraft:birch_sapling":1,"minecraft:gravel":4,"minecraft:stone_axe":44,"minecraft:furnace":3,"minecraft:cooked_porkchop":1},"minecraft:dropped":{"minecraft:wheat_seeds":2},"minecraft:custom":{"minecraft:interact_with_furnace":35,"minecraft:mob_kills":23,"minecraft:interact_with_crafting_table":8,"minecraft:bell_ring":6,"minecraft:leave_game":2,"minecraft:time_since_death":22699,"minecraft:sleep_in_bed":1,"minecraft:climb_one_cm":152,"minecraft:time_since_rest":11567,"minecraft:sprint_one_cm":147734,"minecraft:damage_taken":30,"minecraft:walk_one_cm":50060,"minecraft:drop":2,"minecraft:damage_dealt":2840,"minecraft:talked_to_villager":8,"minecraft:fly_one_cm":84899,"minecraft:crouch_one_cm":4392,"minecraft:play_time":22699,"minecraft:sneak_time":1403,"minecraft:jump":431,"minecraft:interact_with_blast_furnace":5,"minecraft:walk_on_water_one_cm":500,"minecraft:total_world_time":22740,"minecraft:fall_one_cm":8772},"minecraft:picked_up":{"minecraft:birch_log":28,"minecraft:crafting_table":2,"minecraft:feather":5,"minecraft:chicken":5,"minecraft:ladder":1,"minecraft:brown_wool":1,"minecraft:brown_mushroom":2,"minecraft:birch_planks":5,"minecraft:brewing_stand":1,"minecraft:dirt":2,"minecraft:red_bed":1,"minecraft:wheat_seeds":2,"minecraft:iron_ingot":3,"minecraft:poppy":2,"minecraft:rose_bush":2,"minecraft:light_gray_wool":1,"minecraft:sugar_cane":17,"minecraft:birch_sapling":6,"minecraft:oak_planks":2,"minecraft:furnace":2,"minecraft:egg":1,"minecraft:stick":8,"minecraft:composter":7,"minecraft:gravel":4,"minecraft:porkchop":26,"minecraft:blast_furnace":4,"minecraft:white_bed":7,"minecraft:spruce_log":2,"minecraft:mutton":5,"minecraft:white_wool":1,"minecraft:cobblestone":28},"minecraft:killed":{"minecraft:pig":14,"minecraft:iron_golem":1,"minecraft:sheep":3,"minecraft:chicken":5}},"DataVersion":3955}